Country,Birth Rate,Business Tax Rate,CO2 Emissions,Days to Start Business,Energy Usage,GDP,Health Exp % GDP,Health Exp/Capita,Hours to do Tax,Infant Mortality Rate,Internet Usage,Lending Interest,Life Expectancy Female,Life Expectancy Male,Mobile Phone Usage,Population 0-14,Population 15-64,Population 65+,Population Total,Population Urban,Tourism Inbound,Tourism Outbound,GDP_trend,Internet Usage_trend,CO2 Emissions_trend,Life Expectancy Female_trend,Mobile Phone Usage_trend
Afghanistan,0.04315384615384616,36.3,2375.7272727272725,8.11111111111111,,9718945316.333334,0.0919090909090909,30.636363636363637,275.0,0.08276923076923078,0.016666666666666666,0.1597142857142857,58.76923076923077,56.38461538461539,0.2545454545454545,0.4903076923076923,0.4887692307692308,0.02076923076923077,25399258.769230768,0.23292307692307693,106000000.0,82400000.0,1581050726.86014,0.006993,681.054545,0.5,0.076364
Albania,0.014692307692307692,42.55,3902.090909090909,23.0,2024.5833333333333,8895522477.461538,0.06146153846153846,168.84615384615384,364.5,0.01776923076923077,0.19230769230769232,0.1423846153846154,79.23076923076923,73.0,0.5615384615384615,0.2583846153846154,0.6536923076923078,0.08792307692307692,2956845.230769231,0.4785384615384615,1165230769.2307692,1007076923.0769231,869180542.659341,0.050549,84.454545,0.230769,0.085714
Algeria,0.02207692307692308,73.7125,102837.63636363637,25.0,34042.166666666664,119039093365.53847,0.038461538461538464,133.84615384615384,451.0,0.02776923076923077,0.06923076923076923,0.08323076923076923,71.61538461538461,68.38461538461539,0.49230769230769234,0.2926923076923077,0.6630769230769231,0.044230769230769226,34760672.07692308,0.6451538461538462,275230769.2307692,451307692.3076923,13449659308.549452,0.014286,4220.627273,0.148352,0.102198
American Samoa,0.020499999999999997,,,,,,,,,,,,,,0.0,,,,57525.38461538462,0.88,,,,,,,0.0
Andorra,0.010583333333333333,,537.6363636363636,,,2268380478.2222223,0.06323076923076923,2394.4615384615386,,0.003,0.5166666666666667,,,,0.7,,,,76684.07692307692,0.8974615384615384,,,326865580.45,0.07886,-0.481818,,0.033516
Angola,0.04830769230769231,52.1,19202.090909090908,92.9,10295.75,50496483906.38461,0.041692307692307695,104.53846153846153,275.75,0.11815384615384615,0.038461538461538464,0.5123076923076924,50.15384615384615,47.38461538461539,0.23076923076923078,0.4775384615384616,0.49815384615384617,0.02446153846153846,17212724.307692308,0.3698461538461538,279384615.38461536,232384615.3846154,9550594839.016483,0.013187,2311.236364,0.527473,0.056593
Antigua and Barbuda,0.018384615384615385,44.4375,418.09090909090907,22.25,140.25,1043836787.2307693,0.04630769230769231,576.0769230769231,198.375,0.010461538461538463,0.3076923076923077,0.11176923076923077,77.07692307692308,72.15384615384616,1.1153846153846154,0.27676923076923077,0.6513076923076924,0.07184615384615384,83523.38461538461,0.2863076923076923,308083333.3333333,43333333.333333336,42533903.423077,0.041758,16.990909,0.181319,0.141758
Argentina,0.017615384615384616,107.625,159280.54545454544,31.8,68870.16666666667,335299690237.2308,0.08492307692307693,587.6153846153846,442.25,0.015000000000000001,0.2692307692307692,0.16638461538461538,78.76923076923077,71.23076923076923,0.8153846153846154,0.2606153846153846,0.6357692307692309,0.10323076923076924,38995454.615384616,0.9023846153846153,3987692307.6923075,5057307692.307693,29053037986.83517,0.041209,6347.472727,0.17033,0.137363
Armenia,0.013769230769230768,38.175,4096.818181818182,14.9,2392.5,6380928046.615385,0.04923076923076923,96.46153846153847,545.5,0.020153846153846154,0.12307692307692308,0.2006153846153846,76.76923076923077,69.92307692307692,0.4538461538461539,0.2213846153846154,0.6696153846153846,0.10892307692307691,3007291.769230769,0.6403076923076922,274000000.0,291769230.7692308,845793693.148352,0.032418,168.863636,0.269231,0.113736
Aruba,0.012076923076923077,,2277.2727272727275,,,2308638268.25,,,,,0.38461538461538464,0.11215384615384615,76.84615384615384,72.0,0.9583333333333334,0.21515384615384617,0.6939999999999998,0.0906923076923077,98866.07692307692,0.4451538461538461,1108076923.0769231,238461538.46153846,76164570.066434,0.048901,9.054545,0.159341,0.084508
Australia,0.013384615384615384,49.1,359785.8181818182,3.0,116747.53846153847,815877320924.8462,0.0863076923076923,3581.230769230769,107.75,0.004615384615384615,0.6799999999999999,0.08238461538461538,83.38461538461539,78.61538461538461,0.8461538461538461,0.19646153846153844,0.673,0.13046153846153846,20784392.307692308,0.8813076923076923,23055000000.0,18797153846.153847,94279456504.6154,0.027467,6565.363636,0.175824,0.050549
Austria,0.009384615384615384,53.3375,68467.81818181818,25.0,32363.153846153848,317513032479.8461,0.10607692307692308,4117.2307692307695,170.0,0.004,0.5923076923076923,,82.61538461538461,76.84615384615384,1.1538461538461537,0.15746153846153849,0.6763076923076923,0.16623076923076924,8242662.538461538,0.6582307692307693,18192000000.0,10968692307.692308,20446823602.236263,0.043956,-10.854545,0.208791,0.073077
Azerbaijan,0.016615384615384615,41.525,36326.63636363636,47.0,12285.166666666666,29321521930.076923,0.05646153846153846,176.30769230769232,525.625,0.04323076923076923,0.21818181818181817,0.18446153846153848,72.07692307692308,66.23076923076923,0.5076923076923077,0.25753846153846155,0.6818461538461539,0.06061538461538462,8581837.76923077,0.5260769230769231,523692307.6923077,588153846.1538461,5933145769.719781,0.043839,1940.954545,0.39011,0.1
Bahamas,0.015769230769230768,45.46666666666667,1625.0,27.5,693.75,7524113846.153846,0.06484615384615385,1460.3076923076924,58.0,0.01223076923076923,0.3153846153846154,0.05607692307692307,76.92307692307692,70.76923076923077,0.7,0.25123076923076926,0.6853846153846154,0.06361538461538462,335092.8461538461,0.8233076923076923,2013846153.8461537,419538461.53846157,148128010.989011,0.043407,23.063636,0.230769,0.073626
Bahrain,0.018307692307692306,13.700000000000001,19638.272727272728,9.0,7880.416666666667,18605576006.692307,0.03869230769230769,633.3076923076923,36.0,0.008692307692307692,0.38461538461538464,0.08238461538461538,76.46153846153847,74.92307692307692,0.9461538461538462,0.25123076923076926,0.7267692307692308,0.022000000000000002,978816.2307692308,0.8845384615384616,1549923076.9230769,621153846.1538461,1972153707.098901,0.06044,985.627273,0.115385,0.101648
Bangladesh,0.023153846153846153,35.4625,41521.818181818184,44.7,24893.083333333332,72151001250.76923,0.03338461538461539,16.53846153846154,338.75,0.04876923076923077,0.015384615384615385,0.149,68.46153846153847,67.38461538461539,0.2,0.33784615384615385,0.6185384615384616,0.04376923076923077,144242873.69230768,0.27607692307692305,76076923.07692307,551538461.5384616,6129959384.115385,0.006044,2696.754545,0.434066,0.053846
Barbados,0.013,40.95,1373.8181818181818,18.0,391.0,3927830769.230769,0.0706923076923077,826.4615384615385,241.0,0.014461538461538461,0.4846153846153846,0.09284615384615386,76.53846153846153,71.76923076923077,0.7923076923076924,0.20353846153846153,0.6880769230769231,0.10853846153846154,274991.3846153846,0.32776923076923076,966909090.9090909,229363636.36363637,135302472.527472,0.053297,43.627273,0.181319,0.096703
Belarus,0.010153846153846154,101.9875,57883.72727272727,42.5,26932.916666666668,37049573898.07692,0.061153846153846156,226.69230769230768,829.75,0.007,0.22000000000000003,0.21838461538461537,75.84615384615384,64.07692307692308,0.5538461538461539,0.15876923076923077,0.6995384615384614,0.1413846153846154,9662615.384615384,0.7278461538461538,479076923.0769231,613923076.9230769,4885348934.17033,0.036375,1115.836364,0.263736,0.114835
Belgium,0.01146153846153846,57.1375,109065.54545454546,17.5,58322.846153846156,390488440417.1539,0.09707692307692307,3631.076923076923,156.0,0.004153846153846154,0.5923076923076923,0.07930000000000001,82.15384615384616,76.46153846153847,0.9230769230769231,0.17084615384615384,0.6573846153846155,0.172,10609452.153846154,0.9742307692307691,10631153846.153847,17455692307.692307,25481759580.802197,0.042308,-1043.045455,0.214286,0.045055
Belize,0.02630769230769231,33.7875,453.1818181818182,44.25,166.5,1190355166.0,0.049,206.3846153846154,147.0,0.01784615384615385,0.12727272727272726,0.14246153846153845,75.46153846153847,69.15384615384616,0.38461538461538464,0.3738461538461539,0.5855384615384616,0.040461538461538465,279964.0,0.46053846153846156,213000000.0,43923076.92307692,61745278.093407,0.010422,-20.463636,0.236264,0.042857
Benin,0.03976923076923077,71.0875,3222.909090909091,30.4,2834.6666666666665,4958363475.230769,0.04492307692307692,25.46153846153846,270.0,0.073,0.0,,58.92307692307692,55.92307692307692,0.2846153846153846,0.44261538461538463,0.5288461538461539,0.028538461538461537,8462722.461538462,0.40415384615384614,139923076.92307693,70545454.54545455,469686364.434066,0.0,390.6,0.313187,0.075824
Bermuda,0.01276923076923077,,500.8181818181818,,,4971666769.230769,,,,,0.6846153846153846,,81.53846153846153,76.23076923076923,0.8666666666666667,,,,64098.0,1.0,430692307.6923077,354636363.6363636,207016521.978022,0.03956,-6.790909,0.115385,0.111888
Bhutan,0.023076923076923075,40.8,396.45454545454544,50.6,209.75,1038481336.5384616,0.05030769230769231,71.3076923076923,274.0,0.04369230769230769,0.06923076923076923,0.14515384615384616,64.61538461538461,64.3076923076923,0.33999999999999997,0.33661538461538465,0.6213846153846153,0.041923076923076924,659554.6153846154,0.31323076923076926,37000000.0,45714285.71428572,126177071.32967,0.020879,4.627273,0.675824,0.09697
Bolivia,0.028307692307692308,80.425,12768.818181818182,51.7,5141.0,13851502238.846153,0.05530769230769231,77.76923076923077,1073.125,0.042923076923076925,0.11538461538461539,0.15930769230769232,67.23076923076923,63.0,0.38461538461538464,0.3771538461538462,0.5779230769230769,0.04484615384615384,9505036.846153846,0.6462307692307692,301307692.3076923,302615384.61538464,1565828323.989011,0.03022,510.872727,0.357143,0.07033
Bosnia and Herzegovina,0.008769230769230769,33.324999999999996,26189.090909090908,59.9,5289.5,12495081910.538462,0.08653846153846154,293.46153846153845,400.625,0.007,0.2692307692307692,0.10525,77.92307692307692,73.0,0.5076923076923078,0.18523076923076923,0.6806923076923077,0.1340769230769231,3865481.6923076925,0.3924615384615385,576076923.0769231,196000000.0,1201175260.093407,0.058791,1046.8,0.142857,0.075824
Botswana,0.02530769230769231,18.725,4573.454545454545,85.2,1996.1666666666667,9921507330.153847,0.051923076923076926,278.0769230769231,144.5,0.04523076923076923,0.04615384615384616,0.14761538461538462,47.53846153846154,47.07692307692308,0.6384615384615385,0.3567692307692308,0.6107692307692307,0.032615384615384616,1889797.1538461538,0.5524615384615384,287307692.3076923,185461538.46153846,812336201.153846,0.011538,69.654545,-0.461538,0.124176
Brazil,0.017615384615384616,67.7625,353627.1818181818,137.9,223459.5,1261453965459.1538,0.08099999999999999,558.8461538461538,2600.0,0.019923076923076925,0.25384615384615383,0.509,75.76923076923077,68.38461538461539,0.6153846153846154,0.2713076923076923,0.6654615384615384,0.06323076923076923,187458584.23076922,0.8309230769230769,4437692307.692307,10652769230.76923,172872060544.24173,0.043407,7608.636364,0.269231,0.099451
Brunei,0.019153846153846153,27.62857142857143,7065.818181818182,110.14285714285714,2817.0,10481963583.461538,0.02669230769230769,707.9230769230769,130.28571428571428,0.007846153846153846,0.3692307692307692,0.055,79.15384615384616,75.38461538461539,0.7615384615384616,0.2827692307692308,0.6843076923076924,0.03292307692307692,373650.46153846156,0.7383076923076922,190777777.7777778,428111111.1111111,964596630.565934,0.043956,451.254545,0.192308,0.075824
Bulgaria,0.009615384615384616,33.725,46968.63636363636,28.1,19175.916666666668,34299022932.46154,0.072,324.6923076923077,581.25,0.013692307692307691,0.29230769230769227,0.10015384615384616,76.3076923076923,69.46153846153847,0.9153846153846155,0.13946153846153847,0.6840769230769231,0.1763846153846154,7664209.0,0.7092307692307691,3180153846.1538463,1617769230.7692308,3877827545.923077,0.042308,207.081818,0.252747,0.131319
Burkina Faso,0.04415384615384615,45.4875,1309.3636363636363,24.2,,6366696911.615385,0.065,28.153846153846153,270.0,0.082,0.0,,53.92307692307692,52.30769230769231,0.16923076923076924,0.4633846153846154,0.5108461538461538,0.025692307692307695,13905644.538461538,0.22438461538461538,56636363.63636363,72727272.72727273,721792591.785714,0.0,85.027273,0.39011,0.05
Burundi,0.04384615384615384,207.025,215.36363636363637,12.5,,1401955190.3846154,0.08430769230769232,13.23076923076923,182.375,0.07307692307692307,0.0,0.1626153846153846,52.15384615384615,49.30769230769231,0.06153846153846154,0.45615384615384613,0.5170769230769231,0.026769230769230767,8126264.153846154,0.09653846153846153,1884615.3846153845,55769230.76923077,144552297.153846,0.0,0.172727,0.554945,0.019231
Cambodia,0.026307692307692306,21.4875,2975.4545454545455,95.6,3955.4166666666665,7923123406.846154,0.06053846153846154,33.76923076923077,155.0,0.05230769230769231,0.0,,70.3076923076923,64.6923076923077,0.3076923076923077,0.35346153846153844,0.6012307692307692,0.04515384615384615,13543653.538461538,0.19315384615384618,1016461538.4615384,165230769.23076922,901589213.082418,0.0,238.890909,0.774725,0.09011
Cameroon,0.03984615384615385,49.724999999999994,4621.363636363636,34.0,6662.833333333333,18040279520.23077,0.049,46.23076923076923,654.0,0.07646153846153846,0.015384615384615385,0.180875,53.69230769230769,51.76923076923077,0.22307692307692306,0.44146153846153846,0.5256153846153846,0.033,18691153.692307692,0.491,233769230.76923078,413230769.2307692,1506750561.318681,0.006044,385.063636,0.225275,0.05
Canada,0.011,37.7,537911.5454545454,4.0,258536.84615384616,1245479914437.3076,0.10153846153846155,3825.3846153846152,123.5,0.005,0.7,0.04461538461538461,82.6923076923077,78.0,0.5692307692307692,0.1753076923076923,0.6906923076923076,0.13438461538461538,32663980.230769232,0.8035384615384615,16107461538.461538,26509615384.615383,98675714560.01099,0.024176,-1210.845455,0.098901,0.046703
Cayman Islands,0.014599999999999998,,528.0,,,,,,,,0.575,,,,1.3076923076923077,,,,50004.846153846156,1.0,504250000.0,136666666.66666666,,0.05,17.918182,,0.152198
Central African Republic,0.03676923076923077,150.8375,237.9090909090909,22.2,,1545240287.2307692,0.04092307692307692,15.307692307692308,501.375,0.10792307692307693,0.0,0.180875,47.61538461538461,44.30769230769231,0.08461538461538462,0.4146923076923077,0.5461538461538462,0.039538461538461536,4053495.076923077,0.3829230769230769,7090909.090909091,43545454.54545455,121609340.895604,0.0,-0.754545,0.527473,0.024725
Chad,0.049,73.9875,360.72727272727275,62.9,,6942128945.153846,0.047538461538461536,22.307692307692307,732.0,0.09907692307692308,0.0,0.180875,49.23076923076923,47.53846153846154,0.1,0.49023076923076925,0.4834615384615385,0.02630769230769231,10351910.538461538,0.21838461538461537,20666666.666666668,64000000.0,1040352126.868132,0.0,34.245455,0.340659,0.030769
Chile,0.015076923076923078,25.2625,62723.90909090909,22.7,28786.0,149254399139.84616,0.07046153846153845,621.6153846153846,312.875,0.008,0.3538461538461538,0.08746153846153847,81.3076923076923,75.38461538461539,0.7692307692307693,0.24400000000000002,0.6727692307692308,0.0833076923076923,16487324.538461538,0.8763076923076922,1961769230.7692308,1507769230.7692308,16990580926.598898,0.031319,1908.609091,0.175824,0.097253
China,0.012307692307692308,72.0375,5673742.090909091,40.2,1840002.1666666667,3615966687132.846,0.048,132.07692307692307,559.75,0.019692307692307693,0.16923076923076924,0.05861538461538462,75.38461538461539,72.76923076923077,0.3923076923076923,0.20646153846153847,0.7156153846153845,0.07792307692307691,1309264615.3846154,0.43846153846153846,35368769230.76923,39005461538.46154,585404166022.9945,0.035714,517366.354545,0.230769,0.057692
Colombia,0.021,80.625,62058.72727272727,32.8,27992.25,191941282513.3846,0.06215384615384616,273.38461538461536,281.0,0.017923076923076924,0.2,0.148,76.3076923076923,68.84615384615384,0.5692307692307692,0.3038461538461539,0.643846153846154,0.05238461538461539,43829231.615384616,0.7386923076923076,2035461538.4615386,1988846153.8461537,23612204534.57143,0.042308,1812.009091,0.230769,0.096703
Comoros,0.03823076923076923,217.9,109.72727272727273,22.0,38.5,417708701.53846157,0.03969230769230769,26.76923076923077,100.0,0.06784615384615385,0.02307692307692308,0.11023076923076923,60.69230769230769,57.84615384615385,0.13999999999999999,0.41746153846153844,0.5526153846153847,0.029923076923076924,619106.0769230769,0.2794615384615385,24916666.666666668,13777777.777777778,35877229.791209,0.008242,5.309091,0.230769,0.042424
Democratic Republic of the Congo,0.045538461538461535,307.40000000000003,2201.6363636363635,116.5,20422.916666666668,15876221922.538462,0.05815384615384615,10.846153846153847,318.5,0.10230769230769231,0.0,0.4724285714285714,49.53846153846154,46.46153846153846,0.10769230769230768,0.45961538461538465,0.5120769230769231,0.028,55848671.384615384,0.37984615384615383,7587500.0,132500000.0,1261148487.840659,0.0,161.009091,0.28022,0.025275
Republic of Congo,0.03884615384615385,65.375,1318.4545454545455,99.0,1156.5,7765814005.461538,0.02453846153846154,49.69230769230769,606.0,0.05730769230769231,0.02307692307692308,0.180875,56.23076923076923,53.61538461538461,0.3923076923076923,0.42153846153846153,0.5436923076923077,0.034923076923076925,3686305.3076923075,0.6142307692307691,31587500.0,116500000.0,1054273923.681319,0.008242,110.418182,0.576923,0.09011
Costa Rica,0.01730769230769231,55.2375,7132.0,68.5,3918.0,25865073684.0,0.08515384615384615,514.9230769230769,314.25,0.009384615384615384,0.2692307692307692,0.20823076923076922,81.0,76.38461538461539,0.3923076923076923,0.2743076923076923,0.6652307692307692,0.06053846153846154,4382849.307692308,0.6676923076923077,1895846153.8461537,539692307.6923077,2433936914.642857,0.029121,282.418182,0.164835,0.073626
Ivory Coast,0.03692307692307692,44.475,6833.181818181818,43.4,8853.916666666666,17948124873.384617,0.061153846153846156,62.07692307692308,270.0,0.08653846153846154,0.0,,48.76923076923077,47.23076923076923,0.37692307692307697,0.4206153846153846,0.5494615384615386,0.029923076923076924,17796443.692307692,0.4766153846153846,104727272.72727273,518181818.1818182,1352602860.879121,0.0,-104.3,0.384615,0.086813
Croatia,0.009538461538461539,21.599999999999998,22300.0,20.3,8634.083333333334,46814333238.92308,0.0713846153846154,770.0,200.5,0.005615384615384615,0.36153846153846153,0.10723076923076924,79.0,72.15384615384616,0.8384615384615385,0.15946153846153846,0.6709230769230771,0.16984615384615387,4410195.923076923,0.5668461538461538,7462538461.538462,867000000.0,3766087273.21978,0.045604,144.081818,0.241758,0.082967
Cuba,0.011153846153846153,,27902.81818181818,,11441.583333333334,48281660833.333336,0.08446153846153846,402.0769230769231,,0.005538461538461539,0.10769230769230768,,80.0,76.0,0.03076923076923077,0.1906153846153846,0.696076923076923,0.11323076923076923,11258008.153846154,0.7616923076923078,2219538461.5384617,,3858045279.72028,0.01978,885.227273,0.197802,0.00989
Curacao,0.013428571428571429,,,,,,,,,,,,79.6,72.2,1.375,0.21376923076923077,0.6643846153846155,0.12184615384615385,139921.23076923078,0.9038461538461539,340538461.53846157,230272727.27272728,,,,0.432432,-0.03
Cyprus,0.01223076923076923,21.54,7608.363636363636,8.0,2315.3333333333335,18121408073.46154,0.06623076923076923,1537.6923076923076,148.6,0.004,0.38461538461538464,0.072125,80.92307692307692,76.6923076923077,0.7153846153846154,0.19592307692307692,0.6946923076923077,0.10969230769230769,1043033.5384615385,0.6809999999999999,2567230769.230769,1171846153.8461537,1436233033.456044,0.033516,140.181818,0.142857,0.065385
Czechia,0.010076923076923077,47.875,119879.27272727272,26.1,43802.38461538462,146416234882.23077,0.07,1006.0,702.0,0.004230769230769231,0.4461538461538461,0.061153846153846156,79.61538461538461,73.38461538461539,1.0692307692307692,0.14915384615384614,0.7050769230769232,0.14576923076923076,10316804.153846154,0.7353846153846154,6137461538.461538,3127615384.6153846,14524908187.478024,0.054945,-1236.118182,0.258242,0.058242
Denmark,0.011692307692307693,29.4625,49274.181818181816,6.2,19012.46153846154,262426388485.07693,0.10069230769230769,4910.615384615385,134.375,0.003923076923076923,0.7769230769230769,0.078,80.38461538461539,76.0,1.0384615384615385,0.1839230769230769,0.659076923076923,0.157,5454931.692307692,0.8607692307692307,5409538461.538462,7666153846.153846,15928135188.461542,0.04011,-330.790909,0.258242,0.056593
Djibouti,0.028923076923076923,37.8,463.3636363636364,37.0,139.5,865215746.6923077,0.07246153846153845,76.3076923076923,73.0,0.0693076923076923,0.02307692307692308,0.1113,60.23076923076923,57.23076923076923,0.09230769230769233,0.3690769230769231,0.5966153846153847,0.03430769230769231,789002.4615384615,0.7681538461538462,11115384.615384616,16884615.384615384,70517673.351648,0.008242,16.654545,0.340659,0.020879
Dominica,0.014333333333333332,37.025,119.0909090909091,13.125,41.25,403364401.0769231,0.052000000000000005,297.15384615384613,128.25,0.012153846153846154,0.34615384615384615,0.09938461538461539,79.0,75.0,0.8769230769230769,,,,70591.23076923077,0.6691538461538461,71461538.46153846,10615384.615384616,16861485.549451,0.038462,3.345455,,0.145604
Dominican Republic,0.02323076923076923,38.6375,20600.545454545456,41.1,7153.666666666667,37520339898.15385,0.05607692307692307,212.53846153846155,322.5,0.028538461538461537,0.17692307692307693,0.21676923076923077,75.07692307692308,68.92307692307692,0.5153846153846154,0.3267692307692308,0.6160769230769231,0.057076923076923074,9476139.153846154,0.6868461538461539,3674076923.076923,491230769.2307692,3242528405.9011,0.033516,37.590909,0.208791,0.080769
Ecuador,0.023153846153846153,35.1125,27944.909090909092,68.0,10590.0,48637821955.07692,0.06084615384615385,219.3846153846154,620.25,0.023615384615384614,0.13076923076923078,0.1315714285714286,77.76923076923077,72.0,0.5615384615384615,0.3236153846153846,0.6191538461538462,0.05730769230769231,14017736.0,0.6186153846153846,608384615.3846154,682153846.1538461,5284307557.714286,0.033516,1009.236364,0.225275,0.098901
Egypt,0.024153846153846154,45.2,166408.81818181818,16.5,60913.583333333336,141866184882.23077,0.05223076923076923,92.3076923076923,532.5,0.025384615384615387,0.16153846153846155,0.12592307692307692,72.07692307692308,67.38461538461539,0.4230769230769231,0.3269230769230769,0.6183846153846153,0.054538461538461536,73163265.92307693,0.42976923076923074,8250538461.538462,2183384615.3846154,14949844520.609894,0.037363,8475.245455,0.181319,0.102747
El Salvador,0.02153846153846154,34.75,6374.454545454545,40.3,4343.0,18331600000.0,0.07076923076923078,209.23076923076923,320.0,0.01953846153846154,0.07692307692307693,0.14,75.61538461538461,66.23076923076923,0.6923076923076923,0.34784615384615386,0.5886923076923076,0.06346153846153847,6110102.846153846,0.6216153846153846,652769230.7692307,289461538.46153843,935573076.923077,0.01978,66.636364,0.208791,0.128571
Equatorial Guinea,0.03776923076923077,44.1,4348.0,135.25,1318.25,8076435539.230769,0.02969230769230769,458.15384615384613,492.0,0.08476923076923078,0.02307692307692308,0.180875,51.0,48.46153846153846,0.2692307692307692,0.4052307692307692,0.5626923076923076,0.032,623601.7692307692,0.38992307692307693,9500000.0,24500000.0,1368254937.615385,0.008242,207.990909,0.467033,0.058791
Eritrea,0.03930769230769231,84.5,607.9090909090909,83.0,736.6666666666666,1449888909.6153846,0.03292307692307692,8.692307692307692,216.0,0.04630769230769231,0.0,,61.46153846153846,56.76923076923077,0.011111111111111112,0.4401538461538461,0.5398461538461539,0.02,5023424.692307692,0.19307692307692306,58900000.0,,180563027.714286,0.0,-18.436364,0.565934,0.006667
Estonia,0.010846153846153846,52.05,16579.363636363636,25.6,5209.538461538462,15458092841.23077,0.054538461538461536,639.7692307692307,81.0,0.005538461538461538,0.5846153846153845,0.06692307692307692,78.61538461538461,67.76923076923077,1.0538461538461539,0.15869230769230772,0.6736923076923078,0.16776923076923078,1353501.5384615385,0.6860769230769231,1217384615.3846154,615076923.0769231,1586951749.93956,0.042857,205.572727,0.489011,0.088462
Ethiopia,0.038307692307692306,30.575000000000003,5520.272727272727,22.8,29554.583333333332,19291131748.615383,0.04415384615384615,9.923076923076923,215.0,0.06653846153846153,0.0,0.08222222222222222,58.84615384615385,56.61538461538461,0.038461538461538464,0.45561538461538464,0.5126153846153846,0.03184615384615385,78504633.38461539,0.16138461538461538,858076923.0769231,105923076.92307693,2868076448.774725,0.0,186.309091,1.027473,0.014286
Faroe Islands,0.013,,749.2727272727273,,,1724680290.4,,,,,0.676923076923077,,82.84615384615384,77.6923076923077,0.9230769230769231,,,,48802.38461538462,0.3954615384615385,,,154991159.284849,0.042308,-6.072727,0.247253,0.065934
Fiji,0.02292307692307692,40.3,1086.7272727272727,47.0,581.75,2870358465.3076925,0.037384615384615384,128.0,149.875,0.02007692307692308,0.13076923076923078,0.07738461538461539,71.53846153846153,65.92307692307692,0.4461538461538461,0.3093846153846154,0.6479230769230769,0.04261538461538462,835714.6923076923,0.5026923076923077,661307692.3076923,107461538.46153846,187561944.175824,0.021978,24.481818,0.236264,0.083516
Finland,0.011,45.1125,60186.545454545456,15.7,35051.153846153844,203260125686.6154,0.08315384615384615,3251.6923076923076,218.5,0.002923076923076923,0.7230769230769231,0.048,82.61538461538461,75.92307692307692,1.169230769230769,0.1719230769230769,0.6656923076923077,0.1623846153846154,5278842.307692308,0.8303076923076922,3642307692.3076925,4151000000.0,12573742036.280224,0.04011,103.0,0.208791,0.085165
France,0.013,64.825,377383.45454545453,10.4,261103.15384615384,2180705210596.2307,0.11023076923076923,3824.5384615384614,132.0,0.004,0.5307692307692308,0.067,84.38461538461539,77.23076923076923,0.7846153846153846,0.18523076923076923,0.6496153846153846,0.16530769230769232,63456839.0,0.7736153846153846,53666153846.15385,39779769230.76923,131106442825.022,0.057692,-1752.854545,0.274725,0.037363
French Polynesia,0.018153846153846152,,805.7272727272727,,,3447543138.0,,,,,0.27692307692307694,,77.0,72.0,0.5384615384615384,0.27015384615384613,0.6744615384615386,0.05546153846153846,256764.61538461538,0.5633076923076923,536900000.0,238000000.0,,0.03956,21.418182,0.241758,0.060989
Gabon,0.033,44.300000000000004,1666.4545454545455,57.0,1745.9166666666667,10511846949.76923,0.03338461538461539,238.30769230769232,488.0,0.048692307692307694,0.05384615384615385,0.180875,61.92307692307692,59.69230769230769,0.7,0.39384615384615385,0.5504615384615386,0.055615384615384615,1419513.4615384615,0.8366923076923076,65500000.0,255500000.0,1227875241.994505,0.011538,21.581818,0.274725,0.132418
Gambia,0.044,289.1125,353.27272727272725,27.625,115.75,755622649.2307693,0.044461538461538455,22.53846153846154,376.0,0.05623076923076923,0.05384615384615385,0.2826153846153846,58.23076923076923,55.76923076923077,0.4153846153846154,0.45953846153846156,0.515,0.025461538461538463,1492625.3076923077,0.5303076923076924,73900000.0,8400000.0,30358537.642857,0.011538,18.818182,0.307692,0.089011
Georgia,0.013000000000000001,29.55,5066.818181818182,11.1,2954.0833333333335,8355422427.0,0.08730769230769231,170.07692307692307,381.25,0.02107692307692308,0.12307692307692308,0.19215384615384615,76.6923076923077,69.38461538461539,0.46923076923076923,0.18707692307692309,0.6726923076923078,0.1403076923076923,4398326.923076923,0.5262307692307693,482230769.2307692,263307692.30769232,1127563218.038461,0.032418,298.981818,0.203297,0.091209
Germany,0.008384615384615384,46.9875,802935.0,25.8,331058.53846153844,2861327982321.923,0.109,3809.3846153846152,202.875,0.0038461538461538464,0.6538461538461539,0.09766666666666668,82.0,76.61538461538461,0.976923076923077,0.1423076923076923,0.6664615384615384,0.19115384615384615,82094264.53846154,0.7369230769230769,40973461538.46154,83204384615.38461,154616861027.87918,0.042857,-10551.618182,0.197802,0.050549
Ghana,0.03330769230769231,34.0875,7856.454545454545,15.6,8811.0,19758803647.46154,0.054615384615384614,45.92307692307692,254.0,0.058076923076923075,0.03076923076923077,,60.07692307692308,58.15384615384615,0.3384615384615385,0.3995384615384615,0.5667692307692308,0.033538461538461545,22011626.615384616,0.48000000000000004,714846153.8461539,581923076.9230769,3319710365.675824,0.00989,225.054545,0.39011,0.088462
Greece,0.009923076923076923,47.8125,95056.0,27.0,28702.384615384617,240267298756.53845,0.09261538461538461,2029.8461538461538,236.25,0.004923076923076923,0.30000000000000004,0.08775,82.15384615384616,77.07692307692308,0.9538461538461539,0.14607692307692305,0.6700769230769231,0.18407692307692305,11081065.076923076,0.7481538461538461,13002076923.076923,3216461538.4615383,15462064870.010984,0.040659,-23.081818,0.236264,0.052747
Greenland,0.01553846153846154,,582.3636363636364,,,1496476309.7,,,,,0.5384615384615384,,71.72727272727273,66.63636363636364,0.7692307692307693,,,,56642.692307692305,0.8325384615384616,,,73501161.884848,0.021429,9.918182,0.318182,0.067582
Grenada,0.019,45.3,224.45454545454547,18.125,78.75,684605634.0769231,0.06346153846153846,416.38461538461536,140.0,0.012461538461538461,0.19230769230769232,0.10507692307692308,74.0,69.15384615384616,0.5923076923076923,0.30053846153846153,0.6240769230769231,0.07507692307692307,103373.15384615384,0.35853846153846153,102230769.23076923,10307692.307692308,26858065.208791,0.01978,7.418182,0.197802,0.107692
Guam,0.019230769230769232,,,,,,,,,,0.4230769230769231,,79.61538461538461,74.38461538461539,0.38,0.28907692307692306,0.6454615384615384,0.06553846153846153,158477.15384615384,0.937,,,,0.030769,,0.296703,0.11
Guatemala,0.034076923076923074,39.8,11434.545454545454,36.6,8242.5,31727656760.307693,0.06638461538461539,159.3846153846154,342.5,0.032692307692307694,0.07692307692307693,0.1473846153846154,73.38461538461539,66.38461538461539,0.6923076923076923,0.427,0.5303076923076924,0.043,13049234.153846154,0.4761538461538461,936076923.0769231,619230769.2307693,2737831756.549451,0.013187,155.327273,0.313187,0.13022
Guinea,0.03969230769230769,84.22500000000001,1257.8181818181818,39.5,,3874152080.0,0.05823076923076923,22.615384615384617,416.0,0.08315384615384615,0.0,0.194,53.76923076923077,52.92307692307692,0.17500000000000002,0.4338461538461538,0.5334615384615385,0.032461538461538465,9930034.923076924,0.33269230769230773,3775000.0,37076923.07692308,223273210.78022,0.0,-11.409091,0.554945,0.045604
Guinea-Bissau,0.03984615384615385,46.9375,200.63636363636363,185.75,89.5,637219473.2307693,0.058923076923076925,26.0,208.0,0.09407692307692309,0.0,,54.0,51.53846153846154,0.26,0.42615384615384616,0.5441538461538462,0.029615384615384616,1458308.076923077,0.4176153846153846,10620000.0,23830000.0,50850600.236264,0.0,10.018182,0.258242,0.069091
Guyana,0.021846153846153845,38.175,1553.090909090909,33.22222222222222,493.5,1486010076.0,0.05738461538461538,113.53846153846153,281.75,0.034923076923076925,0.2,0.15053846153846154,67.92307692307692,61.76923076923077,0.43076923076923074,0.3666153846153846,0.5961538461538461,0.03746153846153846,767622.0769230769,0.2835384615384615,54461538.461538464,56000000.0,194612923.923077,0.017921,-0.981818,0.142857,0.062088
Haiti,0.028384615384615383,40.4,1988.6363636363637,171.5,2491.4166666666665,5150477651.923077,0.05938461538461538,33.15384615384615,184.0,0.06576923076923077,0.06923076923076923,0.2733846153846154,61.76923076923077,58.30769230769231,0.2,0.37753846153846154,0.580076923076923,0.04246153846153847,9381073.846153846,0.45530769230769236,155000000.0,295692307.6923077,427537403.368132,0.00989,88.909091,0.5,0.050549
Honduras,0.028538461538461537,43.4875,7178.0,32.7,4015.3333333333335,11741643106.923077,0.07953846153846154,131.23076923076923,299.0,0.025076923076923077,0.08461538461538462,0.20007692307692307,74.3076923076923,69.46153846153847,0.49230769230769234,0.3913076923076923,0.566923076923077,0.04161538461538462,7055970.692307692,0.4916153846153846,486076923.0769231,331923076.9230769,1009357655.659341,0.015934,321.827273,0.252747,0.107692
Hong Kong,0.00976923076923077,23.55,38617.454545454544,8.4,13773.666666666666,199824350679.23077,,,79.75,,0.5769230769230769,0.05923076923076923,85.38461538461539,79.23076923076923,1.4615384615384615,0.14038461538461539,0.7371538461538462,0.12230769230769231,6877330.769230769,1.0,17933769230.76923,14848461538.461538,8125560634.208792,0.032418,-181.7,0.186813,0.131319
Hungary,0.009615384615384616,54.6125,55609.545454545456,21.8,25813.30769230769,106179850300.15384,0.07853846153846153,834.1538461538462,313.875,0.007230769230769231,0.43076923076923074,0.0993076923076923,77.46153846153847,69.3076923076923,0.9384615384615385,0.15446153846153846,0.6854615384615385,0.16,10073924.461538462,0.6698461538461539,5256307692.307693,2662846153.8461537,7676239508.021978,0.057692,-704.663636,0.203297,0.070879
Iceland,0.014538461538461538,26.9375,2160.2727272727275,5.0,4353.692307692308,13250470624.461538,0.09584615384615384,4180.0,140.0,0.0023846153846153848,0.8153846153846154,0.1473846153846154,83.3076923076923,79.76923076923077,1.0153846153846156,0.21853846153846154,0.6624615384615384,0.11884615384615384,303158.23076923075,0.9313846153846155,617076923.0769231,738923076.9230769,490672453.620879,0.035714,-9.281818,0.126374,0.023077
India,0.023,67.525,1507000.7272727273,46.2,576970.5,1068713796655.2307,0.04115384615384616,37.07692307692308,262.0,0.05423076923076923,0.03076923076923077,0.11407692307692309,65.84615384615384,62.84615384615385,0.23846153846153845,0.318,0.6341538461538462,0.047846153846153844,1141590576.0769231,0.29584615384615387,9465461538.461538,8458846153.846154,129736592484.56596,0.00989,89025.4,0.395604,0.065934
Indonesia,0.020692307692307694,35.55,352875.36363636365,95.8,181081.5,429004623687.2308,0.026538461538461542,51.15384615384615,340.625,0.03246153846153846,0.04615384615384616,0.15115384615384617,71.07692307692308,67.07692307692308,0.4230769230769231,0.3000769230769231,0.6510769230769231,0.04892307692307692,227817153.53846154,0.4673076923076923,6297923076.923077,6131461538.461538,62194067583.32417,0.011538,17523.518182,0.274725,0.097802
Iran,0.01853846153846154,44.1625,479883.9090909091,21.7,173040.66666666666,269623709383.15384,0.057,265.38461538461536,344.0,0.021,0.1,0.12966666666666668,73.46153846153847,70.3076923076923,0.3384615384615385,0.2675384615384615,0.6837692307692307,0.048692307692307694,71064178.23076923,0.680923076923077,1654833333.3333333,5719500000.0,37689585221.82967,0.017582,22896.618182,0.406593,0.078022
Iraq,0.033846153846153845,27.35,94832.63636363637,36.666666666666664,28885.166666666668,114851433549.66667,0.03230769230769231,85.76923076923077,312.0,0.032461538461538465,0.016666666666666666,0.15066666666666667,72.53846153846153,66.61538461538461,0.41818181818181815,0.4178461538461538,0.5476923076923078,0.03430769230769231,28097287.615384616,0.6883076923076923,745909090.9090909,897727272.7272727,21977928850.9,0.006993,2243.545455,-0.016484,0.100909
Ireland,0.015615384615384616,25.375,42888.27272727273,14.2,14239.846153846154,191613750646.69232,0.07915384615384614,3635.5384615384614,76.5,0.004384615384615384,0.5,0.035666666666666666,81.53846153846153,76.92307692307692,0.9923076923076923,0.21092307692307694,0.676846153846154,0.11223076923076923,4250146.538461538,0.6074615384615385,7055692307.692307,6152153846.153846,11221466702.269228,0.053297,-191.509091,0.32967,0.039011
Isle of Man,0.011000000000000001,,,,,2565965616.125,,,,,,,82.0,75.0,,,,,81109.84615384616,0.5192307692307693,,,360068718.083333,,,,
Israel,0.021461538461538462,33.4625,65561.63636363637,20.1,20736.46153846154,171722846634.84616,0.07607692307692307,1743.923076923077,231.875,0.004384615384615384,0.41538461538461535,0.07692307692307693,82.53846153846153,80.15384615384616,1.1153846153846154,0.27669230769230774,0.6213076923076923,0.10184615384615385,7081146.153846154,0.9157692307692309,4273846153.8461537,4148230769.230769,13313258600.467035,0.053297,670.009091,0.252747,0.035165
Italy,0.009538461538461539,71.3625,450547.9090909091,11.3,173839.07692307694,1782520853423.923,0.08692307692307691,2650.3846153846152,310.875,0.0038461538461538464,0.3923076923076923,0.05746153846153846,84.15384615384616,78.46153846153847,1.2615384615384615,0.14107692307692307,0.6623846153846155,0.1964615384615385,58203399.76923077,0.6786153846153847,38430307692.30769,27949461538.46154,95680431292.30222,0.027473,-4107.236364,0.241758,0.076374
Jamaica,0.016846153846153848,48.35,10593.272727272728,12.4,3653.5,11653530259.461538,0.05007692307692308,217.3846153846154,408.25,0.017538461538461537,0.16923076923076924,0.18646153846153846,74.6923076923077,69.15384615384616,0.7692307692307693,0.3058461538461538,0.6171538461538462,0.07699999999999999,2652303.769230769,0.5299230769230769,1879846153.8461537,265769230.76923078,506853552.247253,0.028571,-110.781818,0.230769,0.082967
Japan,0.008769230769230769,51.65,1212235.4545454546,24.6,500307.92307692306,4795284278596.692,0.08592307692307692,3268.153846153846,342.5,0.0026923076923076926,0.6538461538461539,0.017692307692307695,85.61538461538461,78.92307692307692,0.8,0.13753846153846155,0.6567692307692308,0.20569230769230767,127564151.76923077,0.8625384615384616,11806076923.076923,39588076923.07692,134035080800.75276,0.044505,-6193.436364,0.104396,0.045055
Jordan,0.02976923076923077,30.3125,19204.272727272728,21.1,6297.666666666667,17341003037.23077,0.091,265.53846153846155,139.75,0.019923076923076925,0.16923076923076924,0.09207692307692308,74.3076923076923,71.3076923076923,0.6615384615384615,0.37100000000000005,0.5965384615384616,0.032538461538461544,5543076.923076923,0.8142307692307693,2511153846.1538463,895923076.9230769,2025236761.71978,0.030769,625.718182,0.175824,0.101099
Kazakhstan,0.01946153846153846,36.4625,185149.36363636365,21.7,55674.416666666664,90031370897.76923,0.039384615384615386,230.07692307692307,250.25,0.026769230769230767,0.12307692307692308,,72.46153846153847,61.84615384615385,0.6846153846153846,0.2540769230769231,0.6753846153846155,0.07076923076923078,15530655.692307692,0.5452307692307693,983461538.4615384,1184769230.7692308,16023113460.884615,0.041209,11439.636364,0.241758,0.158242
Kenya,0.038,48.787499999999994,9556.454545454546,42.1,16663.916666666668,23578258619.846153,0.04469230769230769,27.923076923076923,399.5,0.05923076923076923,0.08461538461538462,0.15946153846153846,57.46153846153846,54.92307692307692,0.2769230769230769,0.42953846153846154,0.5436153846153846,0.02692307692307692,36935407.615384616,0.22076923076923077,1124692307.6923077,180230769.23076922,2383710035.406593,0.023626,335.4,0.824176,0.068132
Kiribati,0.025,31.8,47.54545454545455,29.0,9.25,114530972.76923077,0.1046923076923077,129.84615384615384,120.0,0.049923076923076924,0.04615384615384616,,69.46153846153847,63.84615384615385,0.038461538461538464,0.3628461538461539,0.6006153846153846,0.03669230769230769,91835.38461538461,0.4359230769230769,2985714.285714286,9520000.0,9322616.065934,0.011538,2.672727,0.28022,0.013187
North Korea,0.015461538461538462,,77443.09090909091,,19891.75,,,,,0.029,,,71.53846153846153,64.38461538461539,0.025,0.24169230769230768,0.6817692307692309,0.07646153846153846,23894324.076923076,0.5988461538461538,,,,,-439.581818,0.274725,0.03
South Korea,0.009923076923076923,30.8375,484221.36363636365,14.2,220332.92307692306,892741223248.4615,0.06038461538461538,1073.6153846153845,256.5,0.004538461538461539,0.7153846153846154,0.06369230769230769,82.23076923076923,75.46153846153847,0.8615384615384615,0.18346153846153845,0.7205384615384615,0.09607692307692309,48486079.692307696,0.8118461538461539,11052692307.692308,16759923076.923077,58348764224.554955,0.026374,9198.1,0.43956,0.044505
Kosovo,0.019692307692307693,18.9,,55.0,2081.0,4361143517.615385,,,163.5,,,0.14055555555555554,71.23076923076923,66.92307692307692,,0.275,0.659,0.067,1734836.3076923077,,,,397054411.230769,,,0.225275,
Kuwait,0.02153846153846154,10.9125,69483.90909090909,34.4,25693.0,94785585406.38461,0.02769230769230769,953.5384615384615,98.0,0.01,0.34615384615384615,0.06753846153846153,74.76923076923077,72.92307692307692,0.8076923076923077,0.2541538461538462,0.7174615384615385,0.02846153846153846,2495051.4615384615,0.982,495769230.7692308,5919384615.384615,12157646385.862637,0.054396,3805.218182,0.082418,0.092308
Kyrgyzstan,0.023076923076923075,51.8625,5363.0,16.1,2576.75,3473452530.6923075,0.060153846153846155,41.84615384615385,204.0,0.032846153846153844,0.1076923076923077,0.2806923076923077,72.6923076923077,64.76923076923077,0.4461538461538461,0.3156153846153846,0.6330769230769231,0.05123076923076923,5223330.769230769,0.35307692307692307,290692307.6923077,244692307.69230768,456282773.082418,0.020879,210.672727,0.164835,0.117582
Laos,0.02876923076923077,33.425,1428.3636363636363,113.9,,4319874101.692307,0.03823076923076923,24.76923076923077,503.0,0.06823076923076923,0.03076923076923077,0.27636363636363637,66.23076923076923,63.61538461538461,0.25384615384615383,0.3960769230769231,0.5667692307692308,0.037,5953206.076923077,0.2857692307692308,218000000.0,70307692.3076923,654537523.818681,0.00989,100.690909,0.5,0.067033
Latvia,0.009538461538461539,36.7875,7153.181818181818,16.0,4399.5,19658403211.923077,0.06407692307692307,567.6923076923077,290.5,0.010692307692307694,0.46923076923076923,0.09061538461538461,77.46153846153847,66.76923076923077,0.8,0.15176923076923077,0.6765384615384615,0.17184615384615384,2210309.6153846155,0.6784615384615384,643769230.7692307,674615384.6153846,2084947929.587912,0.056593,106.390909,0.203297,0.082418
Lebanon,0.014692307692307692,32.875,16940.81818181818,27.7,5390.666666666667,26771153565.53846,0.08484615384615385,543.7692307692307,180.0,0.011846153846153847,0.23076923076923078,0.11538461538461539,79.38461538461539,75.46153846153847,0.38461538461538464,0.26346153846153847,0.6587692307692308,0.0776923076923077,3956966.076923077,0.8670000000000001,5414846153.846154,3967363636.3636365,2238758923.335165,0.039011,337.254545,0.510989,0.055495
Lesotho,0.029,21.3875,17.25,61.4,24.75,1466401648.0769231,0.08469230769230769,68.23076923076923,386.25,0.08069230769230769,0.0,0.137,46.0,45.53846153846154,0.25384615384615383,0.39184615384615384,0.5636153846153846,0.04461538461538461,1946006.6153846155,0.22715384615384615,26307692.307692308,244923076.92307693,151444554.873626,0.0,4.1,0.230769,0.057692
Liberia,0.039538461538461536,40.57142857142857,607.2727272727273,31.285714285714285,,839275813.5384616,0.09953846153846155,26.0,155.57142857142858,0.08146153846153846,0.0,0.16584615384615387,57.0,55.30769230769231,0.1769230769230769,0.4327692307692308,0.5365384615384616,0.03053846153846154,3474571.0,0.4640769230769231,113250000.0,65750000.0,102036727.346154,0.0,23.318182,0.769231,0.050549
Libya,0.022384615384615385,31.6,53616.181818181816,35.0,17543.416666666668,50673131305.84615,0.03415384615384615,282.15384615384613,889.0,0.018615384615384614,0.03333333333333333,0.06346153846153846,75.61538461538461,72.0,0.7615384615384616,0.3067692307692308,0.6499230769230769,0.04315384615384615,5685191.846153846,0.7707692307692308,177454545.45454547,1158666666.6666667,4402044538.648352,0.011189,1719.036364,0.296703,0.178022
Liechtenstein,0.010769230769230769,,,,,3619454846.6,,,,,0.6692307692307692,,83.46153846153847,78.38461538461539,0.7538461538461539,,,,34972.92307692308,0.147,,,307092962.278788,0.036813,,0.307692,0.066484
Lithuania,0.010076923076923077,45.675000000000004,13568.545454545454,24.6,8546.916666666666,29331355147.615383,0.06469230769230769,572.3846153846154,169.375,0.007461538461538462,0.4153846153846154,0.07281818181818182,78.15384615384616,66.53846153846153,1.146153846153846,0.16807692307692307,0.6816153846153846,0.1503846153846154,3269519.769230769,0.6675384615384616,957615384.6153846,800153846.1538461,3013079951.225275,0.051099,150.527273,0.131868,0.134615
Luxembourg,0.01176923076923077,20.02857142857143,10297.454545454546,22.714285714285715,4012.769230769231,40548723379.23077,0.07507692307692307,6330.615384615385,59.0,0.0026923076923076926,0.676923076923077,,82.38461538461539,76.84615384615384,1.2461538461538462,0.18315384615384614,0.675,0.14207692307692307,476476.3076923077,0.8690769230769231,3577615384.6153846,2929846153.8461537,3473055111.39011,0.056044,226.163636,0.269231,0.05989
Macao,0.008615384615384615,,1500.6363636363637,,,17864999137.923077,,,,,0.4076923076923077,0.0663076923076923,81.23076923076923,76.61538461538461,1.4076923076923078,0.16676923076923078,0.7600769230769231,0.07315384615384615,487029.6153846154,1.0,15646076923.076923,896454545.4545455,2882722389.527473,0.040659,-53.845455,0.197802,0.208791
North Macedonia,0.01146153846153846,14.725,11384.09090909091,19.8,2828.5833333333335,6942291980.0,0.07861538461538461,251.23076923076923,154.125,0.011153846153846153,0.33076923076923076,0.12723076923076923,76.6923076923077,71.92307692307692,0.6384615384615385,0.19369230769230766,0.6946153846153845,0.11161538461538462,2088441.1538461538,0.5751538461538461,158000000.0,113923076.92307693,645076934.302198,0.051648,-51.718182,0.098901,0.092857
Madagascar,0.03746153846153846,41.5125,1761.8181818181818,21.4,,6687863353.384615,0.04715384615384615,16.076923076923077,248.0,0.053538461538461535,0.0,0.36915384615384617,62.92307692307692,60.15384615384615,0.14615384615384616,0.444,0.5269230769230769,0.029,18899050.153846152,0.29707692307692307,338272727.27272725,120090909.0909091,557706563.747253,0.0,29.472727,0.478022,0.040659
Malawi,0.04230769230769231,30.7,991.3636363636364,39.7,,3482228564.1538463,0.0743846153846154,19.384615384615383,256.0,0.0706923076923077,0.0,0.36146153846153845,50.15384615384615,50.07692307692308,0.0923076923076923,0.4593076923076923,0.5098461538461538,0.030461538461538464,13439581.692307692,0.1516153846153846,46384615.384615384,80538461.53846154,315861471.175824,0.0,27.854545,0.824176,0.027473
Malaysia,0.019230769230769232,33.6125,173934.9090909091,24.6,62441.0,176708745156.6154,0.03576923076923077,239.23076923076923,155.875,0.007307692307692308,0.4846153846153846,0.06030769230769231,76.15384615384616,71.6923076923077,0.7923076923076924,0.29846153846153844,0.6571538461538462,0.044538461538461534,26335985.846153848,0.674,13232230769.23077,5960000000.0,18545214505.543957,0.037363,9521.272727,0.192308,0.101099
Maldives,0.022076923076923074,11.4875,799.2727272727273,9.4,265.5,1415759217.5384614,0.06723076923076923,317.84615384615387,252.0,0.019153846153846153,0.16153846153846155,0.12507692307692309,75.46153846153847,73.23076923076923,0.8461538461538461,0.3402307692307692,0.6136923076923076,0.04576923076923077,303973.46153846156,0.3503076923076923,1070769230.7692307,143615384.6153846,144203967.774725,0.029121,59.490909,0.653846,0.16044
Mali,0.04792307692307692,51.325,571.9090909090909,24.6,,6485984192.076923,0.06492307692307693,33.38461538461539,270.0,0.09538461538461539,0.0,,51.69230769230769,52.15384615384615,0.25384615384615383,0.46453846153846157,0.5045384615384616,0.03084615384615385,12418844.384615384,0.32892307692307693,184833333.33333334,155000000.0,743351055.758242,0.0,7.881818,0.467033,0.074725
Malta,0.009923076923076923,40.95,2513.6363636363635,40.0,813.75,6600136493.615385,0.08284615384615385,1354.1538461538462,139.0,0.006,0.43076923076923074,0.05630769230769231,81.84615384615384,77.38461538461539,0.8384615384615385,0.17292307692307693,0.6941538461538461,0.1326923076923077,404474.07692307694,0.938,1053230769.2307693,307076923.0769231,484179972.131868,0.047802,33.936364,0.269231,0.062637
Marshall Islands,0.035,64.8,90.36363636363636,17.0,30.0,142345639.0,0.18038461538461537,505.46153846153845,128.0,0.032538461538461544,0.03076923076923077,,68.0,63.0,0.0,,,,52234.692307692305,0.7017692307692307,4100000.0,328571.4285714286,5126885.659341,0.00989,2.7,,0.0
Mauritania,0.03646153846153846,82.5375,1712.5454545454545,48.8,,2640850782.3076925,0.05307692307692307,35.92307692307692,696.0,0.07315384615384615,0.007692307692307693,0.20961538461538462,62.0,59.0,0.40769230769230774,0.41407692307692306,0.5543076923076924,0.031461538461538464,3243018.230769231,0.5376153846153846,,,266378552.598901,0.003297,100.254545,0.164835,0.09011
Mauritius,0.014153846153846154,26.325,3460.6363636363635,19.444444444444443,1115.75,7505990190.538462,0.04523076923076923,287.6923076923077,161.0,0.014,0.2,0.1663076923076923,76.15384615384616,69.0,0.6461538461538462,0.23299999999999998,0.6972307692307692,0.06992307692307692,1247018.4615384615,0.41423076923076924,1310384615.3846154,330615384.61538464,616669981.703297,0.025275,139.254545,0.159341,0.083516
Mexico,0.021384615384615387,52.4125,425271.63636363635,28.0,168418.92307692306,916346224579.3846,0.05838461538461538,495.9230769230769,468.875,0.016615384615384615,0.2076923076923077,0.08292307692307693,78.23076923076923,73.38461538461539,0.5,0.3173076923076923,0.6274615384615385,0.055,112249173.15384616,0.7658461538461538,11953615384.615385,8623230769.23077,43213227257.12089,0.026923,8078.027273,0.225275,0.063736
Micronesia,0.026000000000000002,59.112500000000004,124.81818181818181,16.0,,263655370.92307693,0.11284615384615385,287.7692307692308,128.0,0.03623076923076923,0.12307692307692308,0.1506923076923077,68.76923076923077,67.38461538461539,0.20909090909090908,0.383,0.5781538461538461,0.03892307692307692,105451.84615384616,0.223,21916666.666666668,6666666.666666667,6957357.049451,0.019231,-6.881818,0.17033,0.030909
Moldova,0.012,37.675,4437.181818181818,20.8,3278.5,3955064032.076923,0.09853846153846155,118.76923076923077,229.75,0.018615384615384614,0.17692307692307693,0.2063076923076923,71.92307692307692,64.07692307692308,0.43076923076923074,0.19053846153846152,0.6996923076923077,0.10953846153846153,3591192.5384615385,0.4524615384615385,170461538.46153846,231230769.23076922,543721458.901099,0.035714,123.945455,0.142857,0.082967
Monaco,,,,,,4562070738.333333,0.038615384615384614,5125.7692307692305,,0.0036153846153846154,0.6230769230769231,,,,0.5769230769230769,,,,34637.61538461538,1.0,,,360129993.230769,0.036813,,,0.035714
Mongolia,0.021,31.375,9190.09090909091,13.6,2888.0,4080918803.6923075,0.05923076923076923,93.46153846153847,198.0,0.03630769230769231,0.07777777777777778,0.269,69.23076923076923,61.76923076923077,0.4846153846153846,0.2937692307692308,0.6686923076923077,0.03746153846153846,2574982.3076923075,0.6344615384615384,227923076.92307693,218076923.07692307,712814656.774725,0.013618,390.781818,0.428571,0.1
Montenegro,0.012615384615384615,26.471428571428568,2307.8333333333335,15.857142857142858,1102.142857142857,2861162161.3076925,0.07761538461538461,344.84615384615387,364.57142857142856,0.008846153846153847,0.36666666666666664,0.09685714285714286,76.53846153846153,71.46153846153847,1.511111111111111,0.20076923076923076,0.6746153846153847,0.12461538461538463,616422.9230769231,0.6192307692307693,810333333.3333334,70500000.0,330207815.093407,0.03,41.057143,0.016484,0.143333
Morocco,0.02107692307692308,49.85,44026.545454545456,14.4,13361.25,68313407982.46154,0.053769230769230764,122.53846153846153,328.0,0.03430769230769231,0.23076923076923078,0.1255,71.0,67.6923076923077,0.5692307692307692,0.304,0.6465384615384616,0.04930769230769231,30471365.307692308,0.557923076923077,6154692307.692307,1300615384.6153846,5854104077.087912,0.053297,1776.227273,0.197802,0.094505
Mozambique,0.04276923076923077,37.5,2031.4545454545455,69.2,8672.75,7724966082.307693,0.06146153846153846,21.384615384615383,230.0,0.08746153846153847,0.0,0.1992307692307692,49.46153846153846,47.07692307692308,0.13076923076923078,0.448,0.5201538461538462,0.03207692307692308,21641399.384615384,0.3020769230769231,159923076.92307693,190000000.0,812755621.06044,0.0,135.463636,0.142857,0.031868
Myanmar,0.018923076923076924,52.7,10506.90909090909,72.0,14161.916666666666,,0.020615384615384615,8.538461538461538,155.0,0.04953846153846154,0.0,0.1566923076923077,65.6923076923077,61.61538461538461,0.007692307692307693,0.27799999999999997,0.6725384615384615,0.04953846153846154,50566515.92307692,0.2953076923076923,117333333.33333333,47000000.0,,0.0,58.390909,0.252747,0.003297
Namibia,0.028846153846153848,23.55,2385.6363636363635,78.9,1281.6666666666667,7741592266.615385,0.0713846153846154,272.61538461538464,335.875,0.04353846153846154,0.038461538461538464,0.12023076923076922,60.53846153846154,55.76923076923077,0.4230769230769231,0.39061538461538464,0.5756153846153846,0.033615384615384616,2064847.6153846155,0.3772307692307692,424583333.3333333,115833333.33333333,820416467.307692,0.010989,174.754545,1.021978,0.092308
Nepal,0.027076923076923075,32.3875,3093.6363636363635,30.6,9190.75,10627117668.0,0.05653846153846154,23.153846153846153,370.0,0.04515384615384615,0.02307692307692308,0.08,66.23076923076923,64.15384615384616,0.14615384615384613,0.3867692307692308,0.5684615384615385,0.04469230769230769,25502833.307692308,0.1553076923076923,273153846.15384614,321461538.46153843,1201706121.005495,0.008242,29.190909,0.5,0.046154
Netherlands,0.011692307692307693,41.125,172155.72727272726,8.0,77955.53846153847,655199453113.0769,0.10515384615384615,4328.0,176.5,0.004461538461538462,0.7538461538461539,0.032692307692307694,81.92307692307692,77.53846153846153,1.0307692307692309,0.181,0.6736923076923078,0.14507692307692308,16362675.307692308,0.8317692307692308,16756307692.307692,17814230769.23077,39933305595.51647,0.041758,738.818182,0.208791,0.048352
New Caledonia,0.017538461538461537,,2777.2727272727275,,,2682347064.0,,,,,0.3230769230769231,,79.3076923076923,72.23076923076923,0.6307692307692307,0.25946153846153847,0.6635384615384616,0.07715384615384616,236512.61538461538,0.6484615384615384,148833333.33333334,149200000.0,,0.02967,136.845455,0.120879,0.062637
New Zealand,0.014307692307692308,34.975,33506.0,6.5,17413.076923076922,111479842210.6923,0.08846153846153845,2306.923076923077,169.5,0.005384615384615385,0.6692307692307692,0.07315384615384615,82.0,77.84615384615384,0.8615384615384616,0.21384615384615382,0.6624615384615384,0.12361538461538461,4164530.769230769,0.8603846153846154,4475153846.153846,2449153846.1538463,9616180464.934067,0.027473,-127.881818,0.197802,0.060989
Nicaragua,0.02530769230769231,63.987500000000004,4310.0,39.7,2800.5833333333335,7207201912.769231,0.0663076923076923,86.6923076923077,229.5,0.02584615384615385,0.038461538461538464,0.1413076923076923,75.3076923076923,69.23076923076923,0.36153846153846153,0.3710769230769231,0.5868461538461538,0.042,5533572.153846154,0.5622307692307692,245153846.15384614,231846153.84615386,476159077.967033,0.010989,68.254545,0.43956,0.084066
Niger,0.051153846153846154,43.7375,916.7272727272727,23.9,,4057371398.6153846,0.07184615384615384,19.615384615384617,270.0,0.07984615384615384,0.0,,54.61538461538461,54.46153846153846,0.0923076923076923,0.491,0.48353846153846153,0.025384615384615387,13833105.23076923,0.1696923076923077,48916666.666666664,48900000.0,439330484.873626,0.0,40.163636,0.637363,0.027473
Nigeria,0.04238461538461539,32.3875,90228.54545454546,30.0,104876.33333333333,180815607491.92307,0.060000000000000005,57.76923076923077,1008.5,0.09423076923076924,0.10769230769230768,0.18876923076923077,49.69230769230769,48.84615384615385,0.26153846153846155,0.4371538461538461,0.5354615384615384,0.027307692307692307,144312883.84615386,0.39984615384615385,401461538.46153843,4966083333.333333,33942243878.78022,0.028571,-534.445455,0.467033,0.063187
Norway,0.012461538461538461,40.85,44454.0,9.3,27892.30769230769,330626667773.53845,0.09707692307692307,6752.615384615385,87.0,0.003230769230769231,0.8,0.0619,82.6923076923077,77.92307692307692,1.0,0.194,0.6566153846153846,0.1493846153846154,4703893.384615385,0.7794615384615385,4266153846.1538463,11040153846.153847,29917475256.04945,0.029121,1464.045455,0.203297,0.039011
Oman,0.022230769230769228,20.075,34604.36363636364,22.9,14433.666666666666,40904111567.38461,0.027615384615384615,411.9230769230769,59.5,0.011153846153846153,0.21538461538461537,0.07584615384615384,76.84615384615384,72.61538461538461,0.8153846153846154,0.3249230769230769,0.6503076923076924,0.02476923076923077,2587565.3846153845,0.7327692307692307,901230769.2307693,1138153846.1538463,5049096196.494505,0.042308,3083.990909,0.395604,0.155495
Pakistan,0.028,35.5875,136080.0,22.8,75893.08333333333,134817530350.53847,0.031000000000000003,24.692307692307693,560.0,0.07907692307692307,0.08333333333333333,0.12055555555555555,66.07692307692308,64.46153846153847,0.2846153846153846,0.37753846153846154,0.5809230769230769,0.04161538461538462,161256733.6153846,0.3516153846153846,827769230.7692307,1426384615.3846154,13587127276.978024,0.006993,6321.936364,0.208791,0.06978
Panama,0.02184615384615385,43.525,7073.363636363636,13.8,3038.4166666666665,20568184615.384617,0.07676923076923077,434.7692307692308,495.125,0.018769230769230767,0.22307692307692312,0.08776923076923077,79.07692307692308,73.53846153846153,0.8538461538461538,0.3043076923076923,0.6331538461538462,0.062384615384615386,3428407.6923076925,0.6396153846153846,1676769230.7692308,418230769.2307692,2184276373.626374,0.032418,312.290909,0.208791,0.163187
Papua New Guinea,0.032230769230769236,41.8125,3812.3636363636365,51.2,,6719046895.692307,0.042923076923076925,45.0,200.5,0.05423076923076923,0.0,0.12115384615384615,62.84615384615385,58.76923076923077,0.1,0.3964615384615385,0.577076923076923,0.026538461538461535,6257249.538461538,0.13092307692307692,4725000.0,72545454.54545455,923126149.642857,0.0,41.054545,0.28022,0.032418
Paraguay,0.025692307692307695,38.675,4133.363636363636,50.6,4195.583333333333,13395699260.692308,0.07153846153846154,165.3846153846154,340.625,0.023384615384615386,0.1,0.29,73.46153846153847,69.3076923076923,0.5846153846153845,0.3538461538461538,0.5975384615384616,0.048615384615384616,6015825.230769231,0.5746923076923077,145692307.69230768,188538461.53846154,1617477709.675824,0.024176,101.018182,0.148352,0.080769
Peru,0.02184615384615385,37.55,36777.0,62.4,14472.0,99821700711.38461,0.04838461538461539,180.15384615384616,382.25,0.020692307692307694,0.21538461538461537,0.2272307692307692,75.3076923076923,70.0,0.46923076923076923,0.3162307692307692,0.6286923076923077,0.05523076923076923,28006719.46153846,0.7537692307692307,1803538461.5384614,1182230769.2307692,11844055477.137362,0.031868,2693.4,0.32967,0.101648
Philippines,0.02692307692307692,46.3625,73255.36363636363,43.1,39092.25,138797289644.07693,0.037307692307692306,60.84615384615385,194.75,0.02723076923076923,0.12307692307692308,0.09092307692307691,71.07692307692308,64.38461538461539,0.5615384615384615,0.3664615384615385,0.5985384615384615,0.035,87251139.3076923,0.4634615384615385,3146076923.076923,2816307692.3076925,14786044809.027477,0.02967,546.1,0.181319,0.084066
Poland,0.01,42.0625,307516.1818181818,31.4,94454.69230769231,348960229744.8461,0.06415384615384614,598.6923076923077,371.75,0.0063076923076923076,0.3923076923076923,0.11085714285714286,79.61538461538461,71.23076923076923,0.8615384615384615,0.16446153846153846,0.7035384615384614,0.13184615384615384,38237092.92307692,0.6131538461538462,8499000000.0,6639769230.769231,32658995055.565937,0.048352,1417.236364,0.258242,0.104396
Portugal,0.010153846153846154,42.825,60955.545454545456,24.6,24607.30769230769,192895320255.69232,0.09953846153846155,1843.3846153846155,311.0,0.0038461538461538464,0.38461538461538464,,81.6923076923077,75.07692307692308,1.0538461538461539,0.15515384615384614,0.6716153846153846,0.17307692307692307,10488880.23076923,0.5812307692307692,10498846153.846153,3931307692.3076925,10620615789.64835,0.035165,-955.554545,0.296703,0.042308
Puerto Rico,0.012692307692307694,58.925000000000004,,6.8,,85432799640.23077,,,188.75,,0.3230769230769231,,82.07692307692308,74.07692307692308,0.5923076923076923,0.21776923076923077,0.6587692307692308,0.1233846153846154,3775094.846153846,0.9405384615384615,3044846153.8461537,1457615384.6153846,3224876820.197803,0.040659,,0.076923,0.042857
Qatar,0.014615384615384615,11.300000000000002,50421.09090909091,8.166666666666666,19812.333333333332,76384208148.15384,0.026,1433.923076923077,38.0,0.008769230769230769,0.34615384615384615,0.067,78.46153846153847,76.6923076923077,0.8692307692307693,0.20453846153846156,0.7823076923076923,0.013230769230769232,1137800.923076923,0.9768461538461538,1652111111.1111112,2920333333.3333335,14519347143.928572,0.060989,4682.645455,0.115385,0.096154
Romania,0.01023076923076923,46.2,92918.18181818182,13.9,37761.75,118239048014.3077,0.05184615384615384,295.53846153846155,206.125,0.016923076923076923,0.23846153846153847,0.2326153846153846,76.07692307692308,68.92307692307692,0.6923076923076923,0.15953846153846152,0.6952307692307692,0.1453846153846154,21084955.846153848,0.5336153846153846,1330538461.5384614,1334769230.7692308,14401383249.417583,0.040659,-845.572727,0.269231,0.098901
Russia,0.010923076923076923,50.8125,1624128.4545454546,29.4,660394.0,1024391610091.0769,0.056769230769230766,411.0,362.375,0.013846153846153845,0.22307692307692306,0.1303076923076923,73.46153846153847,60.92307692307692,0.8846153846153846,0.15692307692307692,0.7105384615384616,0.13253846153846155,143582441.53846154,0.7352307692307692,10214846153.846153,22023384615.384617,155543937349.58792,0.047802,14950.609091,0.39011,0.155495
Rwanda,0.03823076923076923,34.3,614.6363636363636,11.2,,3651485366.6153846,0.0796923076923077,32.23076923076923,156.75,0.06638461538461539,0.03333333333333333,0.16536363636363635,57.69230769230769,55.23076923076923,0.12307692307692308,0.4489230769230769,0.5258461538461539,0.02530769230769231,9825667.076923076,0.203,143000000.0,84615384.61538461,484750938.637363,0.00989,-16.009091,1.478022,0.039011
Samoa,0.029,19.3375,153.54545454545453,26.0,57.0,441259721.2307692,0.05723076923076923,142.46153846153845,224.0,0.01676923076923077,0.038461538461538464,0.11372727272727273,74.53846153846153,68.15384615384616,0.1375,0.39315384615384613,0.5585384615384615,0.04846153846153846,181306.15384615384,0.20969230769230768,88153846.15384616,20511111.111111112,38186818.032967,0.010989,2.381818,0.28022,0.063095
San Marino,0.010222222222222223,42.2,,40.0,,1260151667.7777777,0.054,3263.846153846154,52.0,0.0036923076923076922,0.5,0.0725,85.16666666666667,79.0,0.7538461538461539,,,,29628.846153846152,0.9396923076923076,,,142527090.95,0.0,,0.181818,0.054396
Sao Tome and Principe,0.03692307692307692,42.125,74.27272727272727,119.0,42.25,149631621.30769232,0.08761538461538462,77.0,424.0,0.04684615384615384,0.13076923076923078,0.3169230769230769,66.6923076923077,63.0,0.29090909090909095,0.422,0.5394615384615385,0.038307692307692306,160904.76923076922,0.5864615384615385,8853846.153846154,1246153.8461538462,15912201.340659,0.014286,4.918182,0.274725,0.076364
Saudi Arabia,0.02292307692307692,14.5,380120.54545454547,38.1,145559.25,387212119753.9231,0.03807692307692308,526.8461538461538,76.875,0.01646153846153846,0.23846153846153847,,75.92307692307692,72.38461538461539,0.9538461538461539,0.33715384615384614,0.6313846153846154,0.031384615384615386,24769329.923076924,0.8119230769230769,6497800000.0,14058272727.272728,45668847393.73078,0.046154,16526.472727,0.230769,0.182967
Senegal,0.03907692307692308,46.1,5222.090909090909,33.4,2895.8333333333335,9749986261.923077,0.05061538461538462,41.15384615384615,677.25,0.055692307692307694,0.07692307692307693,,62.46153846153846,59.38461538461539,0.3153846153846154,0.4413076923076923,0.5274615384615384,0.031461538461538464,11661816.538461538,0.414,359272727.27272725,182000000.0,909647284.956044,0.01978,222.863636,0.5,0.067033
Serbia,0.009846153846153846,34.675,49997.4,25.5,16061.333333333334,28926521109.153847,0.09438461538461537,376.38461538461536,279.0,0.008,0.35555555555555557,0.1666153846153846,75.84615384615384,70.76923076923077,1.0222222222222221,0.18046153846153848,0.6825384615384615,0.137,7391778.076923077,0.5455384615384615,680363636.3636364,760090909.0909091,3107417297.296704,0.03,-2173.2,0.230769,0.096667
Seychelles,0.018076923076923077,42.2375,664.7272727272727,39.0,233.0,870981152.9230769,0.03969230769230769,387.9230769230769,76.0,0.012,0.2833333333333334,0.11261538461538462,77.36363636363636,68.18181818181819,0.8692307692307693,0.24353846153846154,0.6796153846153845,0.07684615384615384,84894.92307692308,0.5136923076923077,155230769.23076922,30538461.53846154,36341302.417582,0.035704,16.672727,0.218182,0.097253
Sierra Leone,0.04084615384615385,193.7,619.6363636363636,19.5,,1976027891.6923077,0.15638461538461537,57.30769230769231,378.0,0.12515384615384614,0.0,0.2296153846153846,42.76923076923077,42.0,0.16,0.4250769230769231,0.5500769230769231,0.024846153846153848,5165826.384615385,0.37161538461538457,35307692.307692304,28615384.615384616,216796288.818681,0.0,17.072727,0.576923,0.035321
Singapore,0.010384615384615384,26.3125,31121.18181818182,4.9,25485.916666666668,163498177732.69232,0.03638461538461538,1290.076923076923,82.25,0.0023076923076923075,0.6,0.054,82.61538461538461,77.92307692307692,1.1076923076923078,0.189,0.7270000000000001,0.08376923076923076,4559923.076923077,1.0,9066076923.076923,12795538461.538462,17269853131.95055,0.027473,-3486.518182,0.384615,0.07967
Sint Maarten,0.013,,,,,,,,,,,,77.33333333333333,72.33333333333333,,,,,36390.07692307692,1.0,628692307.6923077,109230769.23076923,,,,0.5,
Slovakia,0.010307692307692308,47.425,37855.454545454544,32.2,18022.30769230769,66883252078.76923,0.072,856.3846153846154,281.5,0.008076923076923077,0.5384615384615384,0.09133333333333332,78.46153846153847,70.6923076923077,0.8230769230769232,0.1673076923076923,0.714,0.11884615384615384,5382589.692307692,0.5536153846153847,1668076923.0769231,1436384615.3846154,6285448303.84066,0.055495,-351.409091,0.203297,0.070879
Slovenia,0.009846153846153846,36.4625,15657.818181818182,34.3,7108.615384615385,38077600825.07692,0.08546153846153846,1615.6153846153845,260.0,0.003461538461538461,0.4923076923076923,0.0973,81.46153846153847,74.46153846153847,0.9153846153846155,0.14461538461538462,0.6984615384615385,0.15707692307692306,2016407.2307692308,0.5038461538461538,2078153846.1538463,1051769230.7692307,2801324796.170331,0.043956,119.145455,0.313187,0.035165
Solomon Islands,0.034,26.025000000000002,184.0909090909091,49.9,59.75,540624686.3076923,0.06561538461538462,75.15384615384616,80.0,0.028153846153846154,0.02307692307692308,0.14115384615384616,67.07692307692308,64.38461538461539,0.11538461538461539,0.4119230769230769,0.5575384615384615,0.030615384615384617,480742.53846153844,0.18307692307692308,31369230.769230768,29738461.53846154,46446281.983516,0.008242,3.663636,0.368132,0.040659
Somalia,0.046538461538461535,,574.0909090909091,,,,,,,0.10192307692307692,0.0,,54.30769230769231,51.15384615384615,0.08461538461538462,0.4759230769230769,0.49515384615384617,0.02869230769230769,8725696.846153846,0.35630769230769227,,,,0.0,9.063636,0.32967,0.015934
South Africa,0.022615384615384614,33.725,416425.54545454547,28.1,128577.66666666667,250212724359.92307,0.0853076923076923,430.6923076923077,256.25,0.04615384615384615,0.14615384615384616,0.12292307692307693,55.07692307692308,51.92307692307692,0.7076923076923076,0.30815384615384617,0.647,0.045,48269324.615384616,0.6006923076923076,7898307692.307693,5257153846.153846,24370198620.39011,0.017582,13615.918182,0.049451,0.093956
South Sudan,0.039384615384615386,26.3,,17.0,,15472449530.6,0.0216,31.0,218.0,0.08492307692307693,,,52.69230769230769,50.53846153846154,0.2,0.4369230769230769,0.5305384615384615,0.032538461538461544,8530449.76923077,0.17315384615384616,,,-416213556.7,,,0.43956,
Spain,0.010461538461538463,54.6875,319658.45454545453,56.6,132316.76923076922,1140165053138.4614,0.08484615384615385,2253.846153846154,236.5,0.004538461538461539,0.47692307692307695,0.048999999999999995,84.0,77.6923076923077,0.9615384615384616,0.14707692307692308,0.6835384615384617,0.1696923076923077,44095038.615384616,0.7750769230769231,53196615384.61539,17914538461.53846,80193059041.09892,0.050549,-299.8,0.236264,0.04011
Sri Lanka,0.018615384615384614,70.8,11573.727272727272,40.4,8974.166666666666,32666934067.53846,0.03661538461538461,57.23076923076923,255.75,0.01123076923076923,0.05384615384615385,0.1360769230769231,76.6923076923077,70.0,0.38461538461538464,0.2557692307692308,0.6724615384615386,0.07176923076923078,19806615.384615384,0.18361538461538462,833538461.5384616,661230769.2307693,3972535523.170331,0.017033,264.581818,0.115385,0.089011
Saint Kitts and Nevis,0.017,52.35,218.9090909090909,19.0,79.25,596583720.3846154,0.04384615384615384,538.1538461538462,175.5,0.010461538461538463,0.4461538461538461,0.09876923076923078,74.0,69.0,0.9153846153846155,,,,49690.769230769234,0.3209230769230769,92615384.61538461,11307692.307692308,30075116.104396,0.069231,11.427273,,0.146154
Saint Lucia,0.017384615384615384,34.3875,367.0,17.25,122.5,1010609467.2307693,0.06907692307692308,407.3076923076923,80.25,0.014384615384615385,0.25384615384615383,0.11315384615384616,75.53846153846153,71.0,0.6923076923076923,0.2796153846153846,0.6426923076923077,0.07784615384615384,168440.61538461538,0.2246153846153846,298615384.61538464,40692307.692307696,57481964.686813,0.029121,6.6,0.357143,0.108791
Saint Martin,0.017076923076923076,,,,,,,,,,,,81.38461538461539,74.92307692307692,,,,,28824.846153846152,,,,,,,0.148352,
Saint Vincent and the Grenadines,0.018076923076923077,41.8375,193.45454545454547,11.125,68.25,581994421.0,0.042230769230769225,231.6153846153846,98.625,0.018846153846153846,0.2,0.10115384615384615,73.6923076923077,69.23076923076923,0.7538461538461539,0.28284615384615386,0.6473076923076924,0.06976923076923078,108777.38461538461,0.4734615384615385,94692307.6923077,14153846.153846154,27161302.60989,0.036264,3.745455,0.142857,0.10989
Sudan,0.03692307692307692,37.800000000000004,10549.727272727272,37.666666666666664,15261.5,37645649906.84615,0.05307692307692307,66.0,180.0,0.060384615384615384,0.07,,61.92307692307692,58.46153846153846,0.21538461538461537,0.42838461538461536,0.540923076923077,0.030692307692307692,32421289.153846152,0.32846153846153847,200538461.53846154,699230769.2307693,5320880047.406593,0.020721,858.254545,0.313187,0.062088
Suriname,0.02,27.9,2339.6363636363635,694.0,697.0,2615179754.3846154,0.06638461538461539,316.0,199.0,0.025384615384615387,0.13846153846153847,0.1723846153846154,72.6923076923077,66.07692307692308,0.6846153846153846,0.295,0.6434615384615385,0.06153846153846154,503099.1538461539,0.664923076923077,61769230.76923077,54538461.538461536,378738922.285714,0.030769,29.227273,0.230769,0.103297
Eswatini,0.031461538461538464,36.375,1069.6363636363637,58.5,408.5,2708451434.230769,0.06907692307692308,168.15384615384616,104.0,0.07376923076923078,0.05384615384615385,0.121,47.23076923076923,47.30769230769231,0.3153846153846154,0.41192307692307695,0.5559999999999999,0.03184615384615385,1132701.3076923077,0.2196153846153846,48909090.90909091,53454545.45454545,249133175.181319,0.017033,-12.527273,0.038462,0.060989
Sweden,0.011384615384615384,53.1875,51109.72727272727,16.0,49935.307692307695,388422858697.2308,0.09176923076923077,3920.4615384615386,122.0,0.002846153846153846,0.7923076923076924,0.04850000000000001,82.92307692307692,78.6923076923077,1.0307692307692309,0.17300000000000001,0.6504615384615384,0.17653846153846153,9135986.23076923,0.8456153846153847,9099000000.0,12381615384.615385,25631737061.89561,0.031319,-538.972727,0.181319,0.037363
Switzerland,0.010076923076923077,28.45,40486.0,18.2,26087.384615384617,432886628833.61536,0.1066923076923077,6135.615384615385,63.0,0.004230769230769231,0.7384615384615384,0.032692307692307694,83.92307692307692,79.07692307692308,1.0,0.16053846153846155,0.678,0.1616153846153846,7540409.461538462,0.7351538461538462,13902307692.307692,11345230769.23077,33913787915.423077,0.029121,-98.090909,0.181319,0.059341
Syria,0.02692307692307692,41.0625,54329.36363636364,28.5,19480.25,26439983632.125,0.04084615384615385,76.3076923076923,336.0,0.015692307692307693,0.09230769230769233,0.08936363636363637,76.6923076923077,72.46153846153847,0.26153846153846155,0.37946153846153846,0.5853076923076923,0.03530769230769231,19142022.53846154,0.5417692307692308,2395181818.181818,808181818.1818181,2783425803.869048,0.020879,1836.545455,0.252747,0.056593
Tajikistan,0.03076923076923077,82.5,2559.2727272727275,49.625,2318.8333333333335,3507195698.230769,0.051153846153846154,25.923076923076923,224.0,0.054615384615384614,0.04615384615384616,0.21484615384615385,69.46153846153847,62.38461538461539,0.3230769230769231,0.38369230769230767,0.581076923076923,0.035153846153846154,7009089.538461538,0.26476923076923076,21218181.818181816,6654545.454545454,568036643.604396,0.011538,103.281818,0.258242,0.084615
Tanzania,0.041461538461538466,44.3125,5007.818181818182,26.7,17209.166666666668,16790740516.615385,0.050923076923076925,22.0,172.0,0.055692307692307694,0.0,0.16053846153846152,55.92307692307692,54.23076923076923,0.22307692307692306,0.4473846153846154,0.5223846153846154,0.03023076923076923,40326106.692307696,0.256,988461538.4615384,618923076.9230769,1493719874.340659,0.0,448.990909,0.983516,0.056593
Thailand,0.012384615384615385,37.2125,245845.18181818182,32.0,97579.25,220490085413.53845,0.03684615384615385,126.46153846153847,264.0,0.015000000000000001,0.16153846153846155,0.06661538461538462,76.15384615384616,69.23076923076923,0.6538461538461539,0.21515384615384617,0.7054615384615384,0.07953846153846154,65271748.23076923,0.38907692307692304,18256615384.615383,5544769230.769231,22167917723.730766,0.017582,9444.763636,0.241758,0.109341
Timor-Leste,0.038153846153846156,27.725,177.11111111111111,140.22222222222223,59.0,656692307.6923077,0.06869230769230769,36.61538461538461,458.0,0.06361538461538462,0.0,0.1389,65.15384615384616,62.07692307692308,0.21000000000000002,0.4817692307692308,0.4903076923076923,0.028076923076923076,995321.6923076923,0.27176923076923076,21714285.714285713,48285714.28571428,72964835.164835,0.0,3.183333,0.631868,0.075758
Togo,0.03807692307692308,51.35,1362.2727272727273,67.3,2406.1666666666665,2440349250.769231,0.06484615384615385,27.0,270.0,0.06692307692307692,0.0,,55.38461538461539,53.76923076923077,0.19230769230769232,0.428076923076923,0.5441538461538462,0.02776923076923077,5711655.230769231,0.35669230769230775,36545454.54545455,48181818.18181818,230602628.307692,0.0,22.554545,0.230769,0.045604
Tonga,0.028076923076923076,26.7125,158.0,26.7,57.25,290571926.2307692,0.05407692307692307,154.84615384615384,164.0,0.013076923076923076,0.0923076923076923,0.11569230769230769,74.23076923076923,69.07692307692308,0.3,0.3789230769230769,0.562,0.059000000000000004,101578.61538461539,0.23215384615384618,12530000.0,14622222.222222222,23664641.395604,0.025824,2.754545,0.197802,0.052198
Trinidad and Tobago,0.015000000000000001,33.1,34882.90909090909,42.25,16811.333333333332,17065916293.76923,0.049692307692307695,651.8461538461538,210.0,0.02292307692307692,0.3384615384615385,0.11253846153846155,72.92307692307692,65.53846153846153,0.8769230769230768,0.22115384615384615,0.7036153846153846,0.07515384615384615,1303102.3846153845,0.09746153846153846,521250000.0,159666666.66666666,1502978977.884615,0.035714,2809.927273,0.093407,0.132967
Tunisia,0.017615384615384616,61.225,22826.909090909092,11.0,8602.083333333334,34958008038.61539,0.058692307692307696,206.3846153846154,211.5,0.019153846153846153,0.19230769230769232,,75.92307692307692,71.92307692307692,0.6076923076923078,0.2569230769230769,0.6763846153846154,0.06676923076923078,10149392.307692308,0.6510769230769231,2752307692.3076925,476307692.3076923,2349757824.357143,0.036813,575.890909,0.208791,0.109341
Turkey,0.019076923076923078,45.05,245909.0,9.2,91274.15384615384,514691611824.61536,0.058,430.46153846153845,231.875,0.024923076923076923,0.23846153846153847,,76.23076923076923,69.23076923076923,0.6692307692307692,0.28215384615384614,0.6513076923076924,0.06676923076923078,68595752.6923077,0.6834615384615385,20130076923.076923,3589615384.6153846,53830859874.04945,0.039011,10452.254545,0.357143,0.061538
Turkmenistan,0.02253846153846154,,45659.181818181816,,19413.166666666668,13907299798.76923,0.02769230769230769,91.84615384615384,,0.057,0.015384615384615385,,68.6923076923077,60.53846153846154,0.26153846153846155,0.32069230769230767,0.6358461538461538,0.043461538461538454,4817233.384615385,0.4736153846153846,,,2554567301.12088,0.006044,1777.545455,0.142857,0.086264
Turks and Caicos Islands,,,112.45454545454545,,,,,,,,,,,,,,,,26680.23076923077,0.8813076923076923,296000000.0,,,,14.918182,,
Uganda,0.04623076923076923,35.5625,2432.909090909091,29.8,,11104514753.76923,0.08430769230769232,30.76923076923077,210.125,0.06569230769230769,0.038461538461538464,0.20876923076923076,54.0,53.15384615384615,0.16923076923076924,0.4914615384615385,0.4834615384615385,0.02523076923076923,29938600.46153846,0.13407692307692307,478692307.6923077,335666666.6666667,1165095907.972528,0.010989,239.590909,1.0,0.047802
Ukraine,0.00976923076923077,56.6625,321319.0909090909,29.5,134771.83333333334,102842962856.15384,0.06723076923076923,153.6153846153846,1205.5,0.012307692307692308,0.1,0.20638461538461536,74.53846153846153,63.46153846153846,0.7230769230769231,0.1493846153846154,0.697076923076923,0.1533846153846154,47016201.0,0.6799999999999999,3576846153.8461537,2983153846.1538463,12985159890.538464,0.030769,-3371.281818,0.181319,0.131319
United Arab Emirates,0.016,14.35,126120.63636363637,16.3,48644.166666666664,218489930313.07693,0.02676923076923077,1112.3076923076924,12.0,0.008307692307692308,0.5,0.089,76.76923076923077,74.76923076923077,1.0923076923076922,0.18876923076923077,0.8043076923076923,0.006692307692307692,5563188.0,0.8258461538461539,3998090909.090909,7287090909.090909,24272421791.637363,0.054945,7439.781818,0.225275,0.076923
United Kingdom,0.012307692307692308,35.0125,528292.2727272727,12.6,211401.84615384616,2190204827909.1538,0.08476923076923078,3058.6923076923076,107.5,0.004923076923076923,0.6923076923076923,0.03430769230769231,81.53846153846153,77.3076923076923,1.0538461538461539,0.18,0.658,0.16199999999999998,61030220.92307692,0.801923076923077,38518769230.76923,65119615384.61539,87155315769.42307,0.047802,-5480.118182,0.269231,0.043956
United States,0.013769230769230768,46.4,5657526.090909091,5.5,2250944.0,13307146153846.154,0.16115384615384615,6967.384615384615,237.25,0.006692307692307693,0.6538461538461539,0.05369230769230769,80.23076923076923,75.15384615384616,0.7153846153846154,0.20415384615384616,0.6693846153846154,0.12638461538461537,298341965.15384614,0.800923076923077,140800769230.76923,102487769230.76923,500950000000.0,0.024176,-20929.009091,0.17033,0.052747
Uruguay,0.015384615384615385,53.0625,6046.818181818182,41.0,3328.0833333333335,26181771304.153847,0.09184615384615384,703.9230769230769,320.75,0.012153846153846154,0.2923076923076923,0.2973076923076923,79.46153846153847,72.3076923076923,0.7076923076923076,0.23438461538461539,0.6297692307692307,0.13584615384615384,3344472.4615384615,0.9349999999999999,1094692307.6923077,441307692.3076923,2695214354.324176,0.039011,298.827273,0.148352,0.131868
Uzbekistan,0.021615384615384616,96.9125,117940.36363636363,20.2,49042.083333333336,23634538946.23077,0.05369230769230769,47.30769230769231,201.625,0.045307692307692306,0.10769230769230768,,70.84615384615384,64.3076923076923,0.29230769230769227,0.327,0.628,0.04507692307692308,26814496.153846152,0.36638461538461536,64909090.90909091,,3409948249.318681,0.030769,-1219.509091,0.115385,0.081868
Vanuatu,0.029153846153846155,8.4,83.0,43.8,31.5,486308777.0,0.037,82.23076923076923,120.0,0.01730769230769231,0.06153846153846154,0.07038461538461539,71.53846153846153,67.6923076923077,0.23846153846153845,0.3943846153846154,0.570076923076923,0.03553846153846154,215152.3076923077,0.23415384615384616,147230769.23076922,20692307.692307692,49372037.565934,0.010989,3.1,0.32967,0.062637
Venezuela,0.021846153846153845,55.775,180155.72727272726,141.3,63268.583333333336,217305022185.23077,0.054769230769230764,415.46153846153845,855.0,0.015461538461538462,0.2,0.20892307692307693,76.46153846153847,70.61538461538461,0.6538461538461539,0.31053846153846154,0.6376923076923078,0.05161538461538462,27188070.692307692,0.8856923076923077,750307692.3076923,2073538461.5384614,27389458371.214294,0.042308,2268.136364,0.181319,0.082418
Vietnam,0.016769230769230772,38.3375,98764.27272727272,43.2,43263.75,77913539218.46153,0.06076923076923077,51.69230769230769,1000.5,0.023153846153846153,0.16923076923076924,0.1163076923076923,79.53846153846153,70.07692307692308,0.5461538461538461,0.26615384615384613,0.6685384615384616,0.06538461538461539,83255153.84615384,0.2794615384615385,3597000000.0,1325750000.0,10194185263.104397,0.037363,9539.472727,0.142857,0.145604
United States Virgin Islands,0.013,,,,,,,,,,0.29230769230769227,,81.76923076923077,75.53846153846153,0.48333333333333334,0.22476923076923078,0.661,0.1143076923076923,107336.76923076923,0.9383076923076923,1259090909.090909,,,0.015385,,0.192308,0.077143
Yemen,0.034923076923076925,62.474999999999994,19319.090909090908,41.3,6517.833333333333,20652606936.846153,0.04830769230769231,49.0,248.0,0.054769230769230764,0.05384615384615385,0.19576923076923075,63.07692307692308,60.38461538461539,0.21538461538461537,0.4480769230769231,0.5247692307692308,0.02723076923076923,20664150.153846152,0.29515384615384616,461307692.3076923,203666666.66666666,2226467369.791209,0.014835,848.609091,0.181319,0.053846
Zambia,0.04392307692307692,14.95,2046.3636363636363,26.2,7262.25,10250460673.153847,0.06384615384615384,52.46153846153846,183.0,0.0756923076923077,0.038461538461538464,0.2806153846153846,49.69230769230769,48.07692307692308,0.2076923076923077,0.46576923076923077,0.5072307692307693,0.026846153846153846,11902030.923076924,0.3707692307692308,108384615.38461539,108384615.38461539,1537735663.467033,0.010989,26.090909,1.43956,0.057143
Zimbabwe,0.032,41.3125,10598.09090909091,94.9,9382.5,7176303263.384615,,,242.5,0.05823076923076923,0.09230769230769233,1.7872857142857141,47.46153846153846,47.61538461538461,0.22307692307692306,0.41438461538461535,0.5483846153846155,0.037307692307692306,12854272.0,0.33776923076923077,323307692.3076923,,396116107.489011,0.014286,-448.809091,1.324176,0.068132
