Country,PC1,PC2,PC3,PC4,PC5,PC6,PC7,PC8,PC9,PC10,PC11
Afghanistan,3.185739075820959,-0.11178999840321426,-0.9705374094132446,-1.1943807258334709,-0.4135192074818663,1.2769890613372297,0.8715384621146347,1.1216969843324711,0.7277903562880512,-0.2472675781048776,-0.04159099594812241
Albania,-0.5613974507376318,-0.6332368033508085,0.9077357069251777,0.6610613310735023,-0.41566724207802186,0.6711280244887446,-0.29219586105273354,0.10831549669002109,-0.6459109259953657,0.9191585570820779,0.5070110055136653
Algeria,0.28803937989937123,2.517727432473818,0.9505558662141719,0.011977583978393427,-1.917826279393405,-0.8215416341488991,0.5014980194569159,-0.3765419047063341,0.49828678772290824,0.2132421903393949,-0.4249901090345884
Andorra,-2.65750424402473,-2.063597997393546,0.09274000312865346,0.4182431099696177,0.644940566593674,-1.2554129520824724,0.6343441535033141,-0.9073018829418087,-0.5083924229861754,1.8133791880101766,0.04064191770099349
Angola,4.746226945738669,2.109439481207112,-0.3969447334245316,0.7897982228717159,2.743536308052565,-0.9486480013619673,2.2657736711724072,-0.1002941857883216,-1.052739784149033,-0.7370730788933426,1.1873492926939049
Antigua and Barbuda,-0.7226283614942477,-1.4995508389671848,2.2040038602284713,0.41958709896636165,-0.8263600701427546,0.9174586201762571,-0.3886221011342187,-0.38918362083194197,-0.882043233649254,-0.7068807594796184,-0.6609302467038992
Argentina,-2.3023849519461046,3.046233815810583,-0.06557795801597427,2.1877969390395173,-1.5679827151593944,-0.3832767526810417,2.07654976005673,0.06579460924144376,-0.2993421175952669,-0.330572930697503,-1.286338565309887
Armenia,0.054456156680311896,-0.1889662744920822,1.3411353586839068,1.4015788227307788,-0.32276516315162923,1.1419734718062269,-0.16181694763959362,0.2273199544542384,-0.02554549425721585,0.7972510053285793,0.9462434784258013
Aruba,-1.2173494525708,-1.4440819438583947,1.2085364075374623,0.4932568725013818,-0.4428268789500848,0.33429185134916783,-0.44994963868614957,-0.11487339759645147,-0.784059562015152,0.34165980449596656,0.028698154763251743
Australia,-4.610700484367203,1.1073550649537227,-1.5280104401859915,-1.2428781809521827,-0.1569724349033427,-1.4625926684020993,1.5630292628298723,0.32690930168910887,0.21411931514674476,0.11997966292761557,-0.5791501096818359
Austria,-4.497774207343574,-0.8993790614502155,-1.566132078868542,0.7580720406603609,0.5341058562013995,0.08458744338719414,0.5660820185014309,-0.024813994845485448,-0.2544729732494241,-0.316675769185638,-0.2661128649387763
Azerbaijan,0.3381928401420859,1.0866011600042007,1.2327238872068467,0.7557566166316398,0.5459972681997818,0.40703048429143973,0.5382247551159616,0.05926668985920291,-0.09500033356975165,1.2983883752841219,-0.18565784123249957
Bahamas,-1.8441090760376306,-1.6677332095837603,0.35317624477041915,-0.4445943144714172,-0.12257848767950523,-0.7574204793618738,0.4386146792663667,-0.6272359326926567,0.08082377907761733,0.030749833101274025,-0.27829452632916346
Bahrain,-2.2409030856796246,-1.0178915327497862,2.618419582789327,-1.3521877695485636,0.08542635935021466,-0.5997407882297696,0.8435559053660833,-0.20793939453834087,0.0569221380283997,0.0333248680748189,0.6298721867784687
Bangladesh,2.2545621293195954,2.6875966863282,-0.05434475330301758,-1.7312912169645043,0.006059513217895072,-0.32469120962058456,-0.6473517273654527,0.21021259090481612,-0.6290659398115168,0.7085225715277434,0.020229183134391177
Barbados,-1.714477414306589,-1.6367585073924207,0.7562162717643753,0.3198051942665824,-0.5645645802458044,0.6516447183199336,-0.4354911711000367,0.016099868022238516,-0.8406615660227745,0.5475034752370622,-0.24911029915568803
Belarus,-0.715275385980392,1.7258881556852537,0.27030527913299957,3.936201900771619,-1.159734264960379,0.5134149638158633,0.5204559269980948,-0.7556762806817233,-0.32712100646541037,1.3193506033316975,-0.3140040412686993
Belgium,-4.714448405274545,-1.027928388185398,-2.3654210436303793,0.5748250618096331,0.24641978339096626,-0.4115919412559927,0.38607173232027636,-0.6578264550273731,0.3112098243004055,-0.29811298391103935,0.20436755188623792
Belize,1.57493555986456,-1.4378049576602105,0.45221800767946607,-0.6262054569091373,0.019147666989773767,-0.8470051246269203,-0.6571639732220056,0.08426739542702531,-0.27426890681167093,0.08367934750327614,0.36858986053411646
Benin,3.1389263260727605,-0.04034628706845907,-0.1520554829126497,-0.22003453754422958,-1.3849911651831637,-0.21380154155089073,0.41496710696117123,-0.8514982610547419,0.5674564545237663,-0.7208848090851935,0.02632375794081656
Bermuda,-1.8150585436289577,-1.3831467296922269,1.635199518041509,0.8724343335870148,-0.1473433532864465,-0.5073227487326002,0.7192943780504224,-0.27930847976149176,0.5020374699713516,-0.2756982717946982,0.14037851098976203
Bhutan,2.5911201472354075,-0.9906524336451972,0.6937183625763559,-0.1509262451121821,0.5664122860619839,1.1361144693911698,-0.2671741190753689,-0.5377115984944003,-0.5309707544986568,0.3309483762839814,-1.1313200800815841
Bolivia,1.6332578368844817,1.3275697800297337,-0.03474764037072469,2.531894006750931,-0.6472287617178863,0.3057981962463728,0.149384416447301,-1.1559162842174813,1.1735185220074742,1.6881194921702813,0.020703329666874645
Bosnia and Herzegovina,-1.317972936952587,-0.4852852945147264,0.7180253133226013,1.0387398661220577,0.21110087106770092,-0.10501595277420886,-1.1883239879784577,1.110274630325167,-0.7191806154347004,1.734135163838363,-0.5280610647085247
Botswana,0.7884924763415598,-0.5849938897935811,2.3796970343822457,0.5139629258031067,0.08322253626541506,-2.08790387353186,-1.531486763713458,1.2987535279818347,0.9260259468882343,-2.1357448579387848,0.8329287489191483
Brazil,-0.5508414390247636,5.814394810854646,-0.5371883639396026,4.0242103040124935,2.725766746730324,-0.9191528363781807,0.8304698229135165,1.3840548297495456,-1.003809397605992,0.4356013975950128,-0.04186478888426128
Brunei,-0.5114519367282487,-0.8342074336598815,2.080342914459414,-0.12792020182309272,1.5833129268245736,-2.1421074037769037,-1.2231007931195588,-1.3436720682711194,0.04281301102811207,0.04282236913121609,-0.9183913564073373
Bulgaria,-2.485172344608391,0.1538322209518916,1.0404801578416258,1.585357258772162,0.03826578011151217,1.6886699033577077,-0.6819674055567971,0.2189179425612047,0.6429408480585387,0.5544082984967156,0.06519586706786064
Burkina Faso,3.6665702785131393,-0.47372186127596727,-0.9405351092028951,-1.0710985839789289,-0.7781895073789761,0.2795693952860149,-0.02381727955306096,0.056522769084436424,0.7826633935640686,-0.27851998227444263,0.23098828231402593
Burundi,4.836442908086916,-1.2365069843180938,-2.6361703448860156,0.2001855187513861,-2.3327472938079747,-0.04518368695003006,1.1760060398531267,-0.5595711295878258,-0.8163590152253263,0.12423310125712553,-1.1677389482202911
Cambodia,2.8049661364352305,-0.0915258648756693,0.11885133319363611,-1.2885037918181494,2.231483905121545,1.0400499095420241,-1.0170174651687491,-0.19327446662361233,-0.13099389728598126,-0.5012273185028748,-1.3464646730977876
Cameroon,2.9312926599077316,0.9734169078183458,-0.40534324715568926,0.572180950440885,-0.5431991509166262,-0.0809694977170644,-0.09895933916475448,-0.2739990249669788,1.5108445492558675,0.47935242362138764,1.3734936230124124
Canada,-4.64591957002358,-0.15513424813852117,-2.919202260601184,-0.9064295092618196,-0.2238358920090788,-0.5677190614963545,-0.6009823133568724,0.4785440987025147,0.5660730270166789,-0.8850120179208735,0.30124542040601676
Central African Republic,4.789480883070219,-0.11059899625893509,-1.7988730403160753,1.1843079049119078,-1.96223313027764,-0.11778700566446705,0.9480076629180463,-2.015639667590481,0.17985149328601774,0.5069733243373676,-0.039515145112439636
Chad,4.934041147094499,0.7745722969209724,-1.2846499277772885,1.2999552960525482,-0.6522769260177436,-0.33553504472665585,-0.470876427763026,-1.1369913948632862,1.3317596198448498,0.590484060274585,0.4057892372138663
Chile,-2.247888601920357,0.6096541512670216,1.0655086293755291,-0.4535149258496031,0.12992416654225325,-0.32585515233835083,0.5827608836864637,0.6657512521522811,0.9283608801023386,0.4569038197285155,0.09122846908679626
China,-1.330420437064215,4.6118130320952755,-0.7140890332321669,-0.49973597477423154,-1.3904226342003063,-0.4211875484241198,-0.8799477713726659,-0.18677255883349844,-0.6878982208248429,1.1813809291900406,-0.5650806055732944
Colombia,-0.8473650251351433,1.9588188556339332,0.22816191545166467,0.5391319161889623,-0.9940989402746172,-0.5476516589432192,1.2346269083228836,-0.2916748031967362,-0.6721919763691849,0.052753284132744396,-0.2843679080956603
Comoros,3.6953371267965904,-1.187030939644889,-0.7763593336137017,0.1677376827833089,-2.91782028682002,-1.1749769488562498,0.4792897464824468,-1.4819136629794318,-0.8602826982694204,-0.491959476952687,-0.4497219301286582
Democratic Republic of the Congo,5.57581736354117,1.8315023037414369,-2.3973227101000982,2.9843414684673717,0.9108704673818276,-2.269412106951866,0.8630498879299633,-0.39224581187628854,-1.7016327670337967,-1.5513139128794609,0.6663889264472888
Republic of Congo,3.5430423746672295,0.8152606013267351,0.5971205646184169,1.6483014311788349,1.0628864481116285,-0.13242271355891688,-0.23363919994287577,-2.036295503468297,0.9705634704654857,0.021673968207822993,-0.7147733050247991
Costa Rica,-0.24076231002739365,-0.22374346542911933,-0.03305556049861003,1.4576820186463861,0.625521132697453,-0.9321340114151405,0.169594397095969,0.6137175713740858,-0.27381573168390455,0.19991442846283436,0.15250034422088507
Ivory Coast,2.823614799710514,0.0040026029540881,-0.2838017090631694,-0.47698229553754845,-0.17447879522281287,0.27074846421285775,0.023037666597295878,-0.1954023320600648,1.2101432413027895,-1.1097174786699415,0.028534457398421413
Croatia,-2.827682578483923,-1.0072010274266163,0.3820626021960492,-0.11455783079323283,0.5013131645625059,0.8528333914182081,-0.5271077431180452,0.30608994530089245,-0.5105058462116817,0.4480294542774378,0.6075167510698387
Cuba,-0.641988700287897,-0.30052875193699274,-1.125785447540689,-0.3364310303679756,-0.22867103254046672,-1.0851799198988605,-0.18888172255164826,1.045427593202576,-0.06823298371952179,1.52979551667117,0.932548068140725
Cyprus,-2.4863624864395564,-1.6678805375213053,0.24290726030298698,-0.8129846202380946,0.00462322993376705,-0.25587085294913947,-0.22879537136837969,0.12245528299854562,0.2648932451214527,0.37465904480075946,0.6729217784099971
Czechia,-3.513504618177339,0.2156467999789386,-0.7540874790209157,1.6448831302062512,-0.023691963880184394,1.090333655419395,-1.1518525539934743,-1.1127892107745796,0.8135788141091732,1.197623483220877,0.4037045019452694
Denmark,-4.724343569157084,-1.7315158372630872,-1.5413890603363998,-0.2763050911465455,0.8337153807024714,0.03703330804245642,0.6407976109206169,-0.11886006918137793,0.5942786228240644,0.05739596106144388,0.22867234418412583
Djibouti,2.73582820569659,-1.9060901022435397,-0.6828566616822718,-0.8172792693075942,-0.25536693013944256,-1.3319288873429707,0.24146461229569946,0.46339759694789745,0.7194674591720754,0.1959281646995129,-0.05211866787008489
Dominica,-0.623320144147584,-1.9722274572916414,2.403477694299754,0.18245389569850565,-0.799577960699214,0.5688283674624984,0.2147045586806199,0.012438445873482373,-0.3413466241665255,-0.5825496405499313,-0.7819241041008689
Dominican Republic,-0.029982368464313885,0.20098848068471298,0.6139406818600772,0.5823752410304419,0.5768663823438063,-0.06911571044101905,0.27829876826840055,0.09765450776859924,-0.08608300592246158,-0.10344149288928056,1.2660434021955058
Ecuador,0.2032529215706134,1.0769688182728188,1.1879585247526407,1.0923506048335316,0.5895200900945153,-0.027019893966423094,-0.6138382677413626,0.18517883727054887,1.0199620660200006,0.8430419693198591,-0.052532788763184894
Egypt,-0.6938737258726544,3.8063102045376405,0.49088085253814445,-0.745671191302695,-1.0580432707809888,0.4229634859470611,-0.11445464024468495,0.8034671631809459,-0.23143174231450853,0.6342182975369519,0.19677601141575474
El Salvador,0.026676113086828965,-0.3242818948311497,1.2815919044022481,0.6004076110185258,0.019918863878579794,0.5616196421447516,-0.17045883853617905,0.6607819616314823,0.6400524838977645,-0.7178761660499928,0.0344119075827975
Equatorial Guinea,4.134322289371307,0.2934158591209885,0.1885353937316055,0.9219937196922242,1.7796647504177923,-1.1021826089080382,-1.0756219760427908,-1.426686936474954,0.8729764182138657,0.02960593706533967,-0.5889224635591228
Eritrea,4.447728872509019,-0.4476103084688321,-1.1925057287733465,-0.2519495618121145,-0.27064791554556267,-1.1498299933525442,-0.6391053143543619,-1.9745003810586685,-0.8027711168074634,0.41311811340079296,-0.9544559388538619
Estonia,-2.636286786401408,-1.467113036843985,0.33429024458800377,0.037560073639849166,0.2055634985045279,0.7656303413152064,0.31327352848621903,-1.4729030022817895,-0.9506612994554021,0.1510206279057374,-0.8287158588337088
Ethiopia,3.3189317005619774,1.1749981191025476,-2.11569184575037,-3.285590370487686,0.48843168861671665,1.618709741476654,-0.6980295734286599,-0.9049662326967359,-0.28673272057711674,0.5032885081511123,0.1337922428726522
Faroe Islands,-0.9396748359097659,-1.703715073453683,0.8247473090849353,0.12417958687116738,-0.12619075447447609,0.12447431037835524,-0.14343037144100612,-0.4550382471348673,-0.8023518601002507,0.5733596297966899,-0.13888504288219386
Fiji,0.8199806533844367,-0.9548326499219927,1.3034565885277525,-0.602111216164571,-0.3431188423238161,-0.43855781027249086,-0.7498307677138185,-0.5702822183966856,-0.14919110416947354,-0.2008026220072559,-0.03578253550467722
Finland,-4.691074410572206,-1.130142182674057,-0.7636386881155063,0.2992197199458042,0.2262124396000835,-0.044072213933679535,0.4214002637573888,-0.7857063937244241,0.631053210310352,-0.1528624059098013,-0.36071058347551177
France,-4.948677132020211,0.43968230736667807,-3.878297869209904,0.029721322690556645,-0.30988747423165497,0.2131926559539427,-0.4649682355377453,-0.14314862420993513,-0.7848777522419799,-0.6064228134794418,-0.33824133236564863
French Polynesia,-0.07337759500873503,-1.2650058629401766,0.6238905070163606,0.021981082814446343,-0.3079521132759362,-0.15747571717346107,-0.10948184548255352,-0.062243771435093125,-0.3738999457298403,0.7103414588430765,0.27709861223458465
Gabon,1.5338632542625805,0.180186134406543,1.6798509975848137,1.4336587612314153,0.36977282627960356,0.08084080651417562,0.168494970433609,-0.8308071463420609,1.4698164109963383,-0.9688186750876494,0.27216334893969685
Gambia,3.431121134552721,-0.11973917017726768,-0.1475352458105232,2.1367340626566875,-1.608289559429789,-0.20673540175836508,1.7559933107506223,-1.2078791619363185,-0.5389775884654723,-0.8600324948047285,0.17938478280431008
Georgia,-0.4947857405801793,-0.8490255900635747,0.32911739019778025,0.9256186675187673,-0.25381510810708885,1.0304571329687802,-0.20073105151137186,1.5729522325329521,-0.2728041128681126,0.7346861403391277,0.8004973749571556
Germany,-5.316995566476606,0.7138979594755425,-3.7099954803298583,0.31381766769781766,0.43574879822791224,0.3617705546346673,-1.385821342423151,0.302250527359053,-0.5571143607562038,-1.2171257997569231,-0.057137643855775466
Ghana,1.7689246152449911,0.1389908543775843,0.18082475770158418,-1.1716066870752735,-0.3590703368308915,0.8105326248773074,0.20445351437019818,0.03304106439529939,0.7040851357223753,-0.5020466681650163,0.6249420471011345
Greece,-3.9064954929465117,-0.4305356479449669,-1.6183691346461098,0.4501455606841245,0.3808438966572075,0.000398915149781662,-0.11675242879889168,-0.10263312109495758,0.06216531797370652,0.1817008630196959,0.015779657448154544
Greenland,-0.6123728158973479,-1.5412611057544874,0.6312578424456008,0.14500892738073415,0.10731774919373649,-0.23196286609750086,0.47801541988591956,-0.4481838189984934,0.3232246559463251,0.21107473961911025,-0.0011518257356186961
Grenada,0.41837677396310574,-1.8347750142336952,1.0301640050635907,-0.02167841858920802,-1.160250785958663,0.30784416109005164,-0.450003735230934,0.4314919520569542,-0.5620849778243435,-0.3872690005129592,-0.5506724529510374
Guatemala,0.9305225072457971,0.24365436572062082,0.8872509372107722,0.15041730618439264,0.008452410131793245,1.0212511887009692,0.18384228849441686,0.24767302453284437,0.8140913629102919,-1.0613689460550373,0.0027648268641322165
Guinea,4.504178410570001,-0.21766534125726322,-1.4407244555938448,0.835894700263936,-0.8970646463994442,0.07891556761589441,0.6298765231654353,-1.0175318705445868,0.16632755871977747,0.09407683032300748,-0.48774679976651
Guinea-Bissau,4.28304225875348,-0.8813764856339229,0.15055558285584902,0.5293294847115588,0.7737605496321747,-1.7503954266365056,-1.1832221323672132,-0.16615377888314448,0.9406183640504328,-1.1224538363655965,-1.2825204299002482
Guyana,1.6309265822787602,-1.3174144505450203,0.6193683595185857,0.038029130981212154,-0.6663932826142978,-0.405348068890006,-0.7858874113983298,0.44429980474424624,-0.2853211517443146,0.2415932170836699,0.3199003683529354
Haiti,3.3411305013267807,-0.12805282498577736,-0.33121872479265724,0.6821413270883909,2.5207716159583375,-1.0638186876837992,-0.41369776757955967,-0.039347773510447555,-0.6734108768309007,-0.49152263580085237,-0.28955960307558715
Honduras,1.0879115019224614,-0.2761067402600166,0.5508945065388449,0.5095900899970806,-0.11363307744016801,0.446158786754535,0.46052103836163627,0.9862681022072388,0.17055732802897347,-0.5196053740083858,0.19367932242422553
Hong Kong,-3.9592780065563953,-0.7639303370778405,1.533045434246995,-0.3838146610314637,0.21065647764445622,0.8862746107378113,0.5549985915583142,-0.45789175860895737,0.8179590221833919,-1.5758971890823252,0.5702968974403365
Hungary,-3.2884346636168766,-0.6379484204263632,-0.5531272016085618,1.129822690869656,-0.2714937038506888,0.612977104048383,-0.32348686595098414,-0.4941387334284715,-0.527045043650103,0.4347279741303812,0.3620431338918645
Iceland,-3.5984479532519975,-2.6871224456968,-1.2152521893310329,0.06429111497869304,0.7686808516344759,-1.1525242857328253,0.9907769977225587,0.2631842512266426,0.46792080166224065,0.5429389136593211,0.6689743452345949
India,0.7296110131814547,4.536333682231145,-1.0658652486976847,-1.7773141173093625,-0.7651708337855492,-0.4003093127410948,-0.23596892028996297,-0.1507966367943714,-0.9769618359784145,-0.4326174134869825,-0.580049675685199
Indonesia,0.24779327541262108,4.812390781117952,0.6234146934790592,-1.1149799752023737,1.035663156312749,-1.0264079148072272,-1.3046459462986288,0.24283680927934712,-0.5248782058820648,-0.815777958969956,-0.5374114375065078
Iran,-0.5333820649804242,3.7110686391204024,-0.4442333778973109,-1.4812535782133327,-0.3616531263367801,-0.14824984130010296,0.3791969530938824,0.7713260625808493,-0.20349170128089722,0.2702976034561401,-0.46110681739583387
Iraq,0.7295420703803059,2.0421193481116453,1.647013974779573,-0.9149602785586572,-0.4277187606775407,-1.284019017357595,0.06997293014111602,0.706833258263981,1.000839371863493,-0.691428473888232,1.0628734897187382
Ireland,-3.70636796182499,-1.575112548532951,-1.0132759658217634,-1.328051728306401,0.8098861428857973,0.004224226540127037,0.08037139569616249,-0.7017961782319606,0.043227386550563775,0.5224417420758567,0.06175918462803096
Israel,-3.4165016563261985,-0.5930686874631185,-0.5384461474953238,-0.4317555560634055,0.6936685754257172,-0.6268449664141706,0.809598730341254,-0.5517327805644587,0.6710916772385872,0.7634810100779146,0.24157055586206608
Italy,-4.819116184137643,0.8883499859361969,-3.079839308199485,0.7982777474231373,-0.7495908528313147,1.0320307927107113,-1.1937337881083976,-0.8849952497946446,-0.07451185014662388,-1.6765022318086729,-0.3687196486653286
Jamaica,-0.29353291458879577,-0.3470103362825329,0.7733341307586207,0.7842338668356671,-0.5068832472377719,0.7607056040043743,0.06712578628555194,-0.28818277182714647,-0.3025677087176389,0.2240380439369672,1.0827778894534759
Japan,-5.495102163670723,1.035348412005583,-3.3983740367292072,0.3690887409131617,-0.30379824073482176,-0.06923846041775365,-2.045690435797751,-0.5399677987220034,0.14465696070054218,-0.6153621940035844,0.17327515150296716
Jordan,-0.6569598684332925,-0.7192249449272927,0.8143515719294616,-0.5927262120814085,-0.22086939536811928,-0.07585123260300289,0.931459860742479,1.1351348668301635,1.0283858249547158,-0.48150286744504156,-0.004194784821651867
Kazakhstan,-1.0452264189659075,2.093103652200427,2.31718768684756,-0.7016763654575376,-0.5514631921181281,0.38183674493333386,0.6269485083774453,0.4423053842547162,-0.36309563135393846,-0.42316553199371415,-0.6892648256329483
Kenya,2.766867011722626,1.1454984530052326,-0.6808706880600853,-0.9735845381171407,0.8289204400218537,1.8025130174930761,0.24356247908265594,-1.2993816386146686,-0.37699251192576705,0.5522701065097579,-0.25026758135290994
Kiribati,2.9053924512675846,-2.7836009240960617,-1.0397007052662348,-0.5741127513076333,-0.6723798198427162,-0.956252351914274,-0.38696713167384833,1.9331822413575541,0.10463166876549952,0.9164528051106215,-0.6472816608188932
North Korea,0.2480374065445017,-0.14302968363797913,-0.9496462647247613,-0.5387048507776395,-0.35779433002322525,-0.4210360312719904,-0.8381464568140946,0.19768374518241608,-0.46046144869028666,0.7264014837485469,0.8401938460292969
South Korea,-3.6598551950102096,2.253651964437393,-0.8260118027522197,-2.0155864024720938,0.5807282609229385,-0.4348407073245518,0.6806564433616914,-0.23149362226161038,0.04985082357137648,0.8212183576479386,-0.6006913258124517
Kosovo,0.2000568358238641,-1.1168475459447038,1.0336450012692362,-0.2953593986672267,0.8138752204017048,-0.33730634892965866,-0.7294322704315257,0.5648229763543862,-0.15113876530963707,-0.03728208093300285,0.250954661427621
Kuwait,-2.0955888136024177,0.2804862709881679,2.7640551293730997,-1.5956222482302094,0.5599707610193313,-1.8969005016323495,0.890849619380651,-0.2540787456575801,0.6073615074819472,0.49668147924941103,0.17266659594643155
Kyrgyzstan,1.379500826134668,-0.5468421494876017,1.0091102689969833,0.817091453487593,-0.6702046035169192,0.45353642878927003,0.6381178282659863,0.8909829200287961,-1.186228863766248,-0.8675649554986231,0.861501950218982
Laos,3.707268241842795,0.5586579037992938,0.4366763294301449,1.1058754825418557,2.396083740109604,-0.15754401140651275,-1.0567657287070873,-0.4874513097612056,-0.1616050877260872,0.12301303028466808,0.17454106883828585
Latvia,-2.6278482606733977,-1.2994107673196718,0.5972141333181694,0.6970430556798524,-0.24875119507518434,0.5204338715319196,-0.36001418181147193,-0.24560306005884003,-0.46516362277051887,0.9886926147379296,0.34977185593238624
Lebanon,-1.1374589820193715,-0.8019776499979145,-0.3552062801988934,-0.5450285537597657,0.8940777159831793,0.33370579768243885,0.7947044689663495,0.25055889225353234,0.04960946441279027,1.029865834087375,0.053592429514838356
Lesotho,3.26299957564142,-1.0967325255409226,-0.25075499008666496,-0.0026551579318380993,0.23243293916434013,-0.18378288050476366,-1.2917007298999232,1.3764347375215507,1.1204485517870844,0.02913174102418165,-0.11873067804489834
Liberia,3.6687184360150065,-1.3961549652172947,-1.5792763657114575,-0.9526761736036541,0.6507875791466146,1.0843880471749925,1.1816256832649792,0.6515743488359146,0.6088638652954158,-0.09105725394587463,-0.8693634827467348
Libya,0.17639547428537294,1.9220646122587113,2.9697759424261054,1.076532080948724,-0.4198544310566038,1.268383090403582,-0.2888223668270515,-0.37222017346841424,2.7732260300074203,0.4918033733090485,-0.5299806375211462
Lithuania,-2.967476654605665,-1.0973233690236266,1.4878012354113817,0.8392715613434129,-0.5456004527421202,0.6066142803090426,-0.1312872637407801,-0.2741150833035534,-0.4053657605315784,-0.523630642218252,-0.3862335452304317
Luxembourg,-4.324885079037015,-2.0537258353170462,-0.10857404528891591,-0.27782932658220055,1.5684272534345314,-0.35818396080812387,0.7443772851453676,-0.5093295485880571,-0.15447340965150122,0.24202861464039216,0.22709470376399518
Macao,-3.0730380415459013,-0.5248548415029782,3.120658617985891,1.0590120610813303,-0.1587714465514429,1.4476213821124226,0.7837283789920613,-0.463143980847794,1.0027363138629084,-1.8572945122014268,-0.6016733920634528
North Macedonia,-1.469053504115146,-1.8023197641791209,1.1758569204470621,0.09341461881903328,-0.03861297552948718,0.202460583528699,-0.5889776866454824,1.319722659346521,-0.5548583718717944,0.4242703335420826,0.40842189487218183
Madagascar,3.6081188015704355,0.10067184561635337,-0.779590113807696,-0.25124896558298687,0.7664894475888017,0.4732760908038283,0.9073473607502284,0.32756189460803303,-1.1254496688440192,-0.3378412173535913,1.9414887028296013
Malawi,4.767813174557295,-0.48074565023450005,-1.7017468412306256,-0.5295445362860783,1.9633275297257997,1.2501818875828894,0.991510450646894,0.6409979939110358,-0.9503881336382355,0.22350193449890987,0.6089697110865115
Malaysia,-2.314240514095462,1.9572888096256869,1.6480441814678106,-1.8111414852000927,-0.2706014428589237,-0.6740599936517585,0.5719746076487694,-0.23642161084446536,-0.18031445352055034,-0.05484617253997702,-0.2793070257182861
Maldives,0.25659545045347104,-1.2357793580006646,1.9098631548541403,-0.8641571219860152,0.7068707616332074,2.96606280825697,0.3207694378321348,0.42765157048494884,0.02484377820832002,-0.34729677948983395,-0.8880132286083123
Mali,3.5718100333300775,-0.2517484215912453,-0.8445214796003419,-0.8682195014730116,-0.6374578929001566,0.7664408526182297,0.5248609316557552,-0.3124175479753265,1.1250316493462227,-0.8225205085226341,0.05953733671431431
Malta,-2.7655175772293337,-1.9689183289288523,-0.10367288413444928,0.4085875527162488,0.4593776609878849,-0.6032897959869987,0.10585052811912703,-0.2822784881227864,0.14709619498296203,0.6065866395730326,-0.63847006711046
Marshall Islands,2.2147064030303456,-3.212489805255247,-3.1187541369877785,0.6550293934720717,-1.5134230775160191,-1.247825415411281,1.1412390066893117,3.163949936977739,0.8520476871167058,0.930024396657883,-1.5255532002911385
Mauritania,2.8868637387594327,0.7762910687990027,0.0815588475970382,2.2953379791944792,-1.1100077518864933,-0.06302985179189716,0.3285965446761266,-0.6542823908727385,1.263075967137158,-0.3170238198494758,0.5996282180243578
Mauritius,-0.25517819122716723,-1.0106314891634718,1.3104473668264367,-0.4679384013629064,-0.12207073462647103,0.15859773449501743,-0.45160907346184237,0.28575419658251,-0.7658265031208664,-0.14229882441633743,1.0489506359724152
Mexico,-1.6645259187392893,4.191029408324227,-0.6723864124453598,-1.0548708050301263,-0.7137526353760367,-0.6836412655671474,0.08201116216998688,0.3864666541475298,0.36417347240142806,0.5092216496719093,-0.21374355074239146
Micronesia,2.1288193503743003,-2.4374701226459776,-1.25054581587532,0.14062183823771066,-1.5902909769542342,-0.5972419904813734,0.09645295174617037,1.785402680779558,-0.7089182628079888,0.5250130903332236,-0.6014413926656816
Moldova,-0.1502217177390424,-1.4315939926636578,0.1526346659711135,0.9710359312286901,-0.4099756102032499,0.32756339432059395,-0.10765103438144005,1.908945182009238,-0.9299565930528483,0.4381141320183285,0.3449846215598782
Mongolia,1.4028952935354606,-0.6737625600370765,0.9002580940053053,-0.022605061022828922,0.486097214785117,0.7230256366507062,1.1678162169718898,0.7148113470413359,-0.3978787951648596,-0.43462969790963923,0.7649699273036477
Montenegro,-2.3995359831924254,-1.4795747407312763,2.0746679555121714,1.1952842375343409,-0.5905524403145876,1.1283671188708386,-0.47371512608709904,0.797209519513675,0.7431690646223034,-0.8226526385660268,-0.14938080500710751
Morocco,-0.8390212355343336,1.3517870868923265,1.0313832164312042,-0.3508714791827478,-0.8127985798504405,0.19453131472304475,0.7604578207781961,0.013188368897428943,-0.43025372878190954,0.6656625620229304,0.4945501385519615
Mozambique,3.6620681164832,-0.006644949610278303,-0.8212651864596481,-0.39479167963064526,0.31050427239157724,-1.2724247152754666,-0.6783971056152164,0.5773683088062105,0.4762215430134526,-0.755076772957377,0.9869957082906894
Myanmar,2.7827493762941753,0.7068709854509678,-0.8668005784939303,-0.9173617011393274,-0.09024783390540275,-1.686421680436664,-1.8408671382881348,-0.8143796444540355,-1.2430030242301287,-0.013651119240099865,0.9193938803508037
Namibia,2.38594686000668,-0.3418174492817881,0.07533667556015443,-0.6731250014178045,2.25243695307118,1.5880852562328913,-0.21526993434609623,-0.37231685919535396,0.606642560754033,0.2996062549715325,-1.567811346069218
Nepal,2.3899616478161065,-0.05996924360433633,-0.5857982954155377,-1.3475396649896354,-0.2484952082061445,0.9380672325044014,-1.200577997487089,-0.08370700470415031,0.17856997702574584,0.8172598166188506,0.1171521227043941
Netherlands,-5.19318596951258,-0.23582519182307812,-1.936833792432292,-0.6552973037418225,0.17502536916808342,-0.4912727851024519,0.6520741830231656,0.10696554331375902,0.6196869388945382,0.21809843272294183,-0.5443645407132214
New Caledonia,-0.22772873720293246,-1.462460660199848,0.7047484476498246,0.3496535338990611,-0.5827429872781359,-0.6438099167842766,-0.24419988653376934,0.14843175967126637,-0.05448429312054086,0.39366893499570077,0.3207545533897933
New Zealand,-3.7478619185032067,-1.5633175188444222,-1.1706960728010918,-0.3706632522029672,0.33905884755785437,-0.3847531147234208,0.6060896520659771,-0.23882337063321166,0.9234597875940893,-0.054504884088683266,0.34259063991165956
Nicaragua,1.6016080468417635,-0.4971336310457071,-0.025092552033516746,0.27082642488904574,-0.43447320488788904,0.18018722742920035,0.4159145947846038,-0.25374597914930896,-0.08800402242473909,-0.23112996221281615,-0.5162894585580154
Niger,4.2899937025811425,-0.6735088843184903,-1.7054396709183484,-1.5318926338271293,-0.22585275736328636,0.8169242702348003,0.25683311815179377,-0.17012401900757787,0.6879889033536558,0.27023719030185844,-0.18608836469662202
Nigeria,2.3040659818889835,3.111104102675602,-1.601906013379038,0.2989770276616499,0.363770931614699,1.8571255944764793,-0.8444734445679134,-0.1296779223891288,1.5787361127967294,0.6043921215398451,1.3806845932568172
Norway,-4.35512683067682,-1.193726406425906,-1.4660347142094876,-0.7754772348876583,0.3406358160076432,-0.9881187799229482,1.154234098457867,-0.08212535988128163,0.4509920304643075,0.47712832156172036,-0.21286010180073622
Oman,-0.9611382364144259,0.39501011482785897,3.37499430184944,-1.7803877905442196,0.34286311518713725,0.2147636048425514,1.3459232962389953,-0.39346815944746083,0.04678196090912173,-0.1967550013894009,-0.7420835776170381
Pakistan,1.4668748957167954,3.888402955697974,-0.05154965984996491,-1.5218097114583815,-0.9229614180025845,-0.11022636107646863,-0.6270360068161432,0.2978342549027022,0.6761128375383841,0.3047144168444556,0.7940365977673927
Panama,-1.06166568530938,-0.10414592055741884,1.6516465048015454,0.9652185992396648,-0.8261281529100156,1.5139070231275578,0.3777246469885509,0.3509002366726931,1.2698082828268127,-0.35161513729232463,-0.3136572008112201
Papua New Guinea,3.6965193262415195,-0.8918090012975356,-0.2495424837609948,-0.9192983057170442,-0.5482535318665662,-0.9594721727307661,-1.2382787179913086,-0.17903363493619945,-0.13846400692812452,0.08647666498967449,0.08316824029515155
Paraguay,1.0928181747268295,-0.339276939763037,0.6083384736937066,1.3934280411470146,0.6703817154214339,-0.40160590510098315,0.26581438112018363,1.029288789067558,-0.297815703488035,-0.2851276945622166,0.9482110840741642
Peru,0.01642970326411145,1.9930272954906314,1.4238425148123512,0.29687409765447903,1.2273186404761192,-0.5658237524416815,0.9617026168648353,0.29618435191922166,-0.1961484462822172,0.590964893462864,0.1933114678410694
Philippines,-0.06340278549860405,2.212843147286095,0.22146202534755502,-1.2531776898575833,-0.5792354073444911,-0.2458357707286133,-0.9820051084275212,-0.33688668591543885,-0.5916567161832409,-0.8972636907588886,0.4107137489047304
Poland,-3.2666046575416865,2.3312098214971666,0.13705641589266035,0.026960720315567857,0.042142662609865655,0.4931869587967201,-0.3255294135059754,0.275548258028209,-0.6152726105315929,0.12261574589433505,-0.4897989035383249
Portugal,-3.4575780378668712,-0.9736214237689576,-1.9935560402432755,0.701998743221542,0.7003652099379476,0.7105270944208157,-0.45735343219271807,-0.07840936987361394,-0.01369675966308683,0.19478051089558027,0.36384393726197234
Puerto Rico,-1.9863909560350927,-0.6835061807320113,-0.166736411982716,0.48184527580769315,-0.9969834114853234,-0.7644336504445424,0.6171325597497668,-0.43226209711601055,-0.1949518812737896,0.4849132019202222,1.4934428150360015
Qatar,-2.79364160299083,-0.07442360420911934,2.848906406799013,-2.052173117713049,0.2774182510917501,-1.4951474606461177,1.4315709296589239,-0.40931859171543256,0.29501615588353103,0.6078486058854471,0.4369903078617933
Romania,-1.5519111800170575,0.16079841186927268,0.00859845178785369,0.7825279308393212,-0.00603576230212256,1.095628277334584,-0.26739383348256596,-0.07101401990217943,-1.6263478274975138,-0.6873086051456857,1.2415956782148736
Russia,-3.019312155528908,4.1370577472493535,0.6971825411909235,-0.1104783557263818,-0.1055442861800569,1.1309185484177546,0.39178433725904255,0.40500824766177734,-0.89743194913292,-0.45092222261941767,-1.104984895426217
Rwanda,3.5123547483229762,-1.0661643608448959,-1.5406163803105213,-1.8770517629724135,0.6120129357975543,1.8376050590432724,0.9072778566056415,0.07782506380400364,-0.2824789360739183,0.55761869892004,-0.3599914574038494
Samoa,2.217663781274836,-1.6728326424876665,0.6300874342580223,-1.1039474833693175,-0.42264128899948017,0.21057456583412343,-1.2132161567374655,0.885127345180711,-0.1799460856411369,0.5611983966631928,0.15092866397573967
San Marino,-1.617550820340718,-2.192623698941378,-0.05226681364772622,-0.5563117228591012,0.3156067091257271,-2.005179271357984,0.11509380407676617,-0.8565749493734062,0.7645436951051772,-0.5801610339980201,-0.4396810567720592
Sao Tome and Principe,3.594835918164353,-1.0063839732967335,0.21789582923000514,2.62348175132724,1.9375186638753985,-1.3058431144239468,-0.2841642714818109,1.3054173090398027,0.1345421218565449,-0.2091958212954707,-0.8307261379138211
Saudi Arabia,-2.399016636730452,2.5968834668529035,2.967075753609015,-1.5471718993206778,0.7928198912261675,-0.03952601288879524,1.0368054396654294,0.5656244281931319,0.08020008190890537,-1.6184798274003496,-0.766234350370154
Senegal,2.470898700521573,0.5931779572733303,-0.07003449565825301,0.22178505450493485,-0.14434623548863232,1.1256095386970193,-0.14078991670434013,-0.8314055208725457,1.3050064957341567,1.1219045048684488,0.27008326139925093
Serbia,-1.9289319542853387,-1.538414077952837,-0.3919840663261662,1.341349655380176,0.26459130931054275,1.4076085628939046,-0.9054972056491715,0.6991458363885331,-0.29174015849692125,-0.8705398289986825,0.40625777983079325
Seychelles,-0.24410048699017328,-1.7435434955388824,1.6649781083364827,0.033701752109948864,-0.298314868900578,-0.2551790965621739,-0.4325157143967298,-0.5876322115456135,-0.9359628446518699,-0.4172232241821025,-0.44421251883878077
Sierra Leone,4.40619729702539,-0.8713518466478964,-3.9098921665608435,1.7305526619809002,-1.4594224809922265,0.7071648540489525,2.577123217393024,1.236415412118401,0.7663320548102581,-0.16349540500903392,-1.2672603323949412
Singapore,-3.4616798987409885,-1.6040393145289522,0.1923730275617706,-0.9991748510843182,0.7275351570616603,0.6339989665928324,0.005444412483765032,-2.0656056147396993,0.6500206788858273,-1.0682814141928738,1.114288637169809
Slovakia,-2.61263728565135,-0.9055231205546606,-0.07092463713200275,0.6599690251473856,-0.032000799365396945,0.1384303209157602,-0.43660938703757673,-0.51698721298942,-0.563643319984126,0.6202289960948623,0.053791731800508114
Slovenia,-2.7830647649703004,-1.5043017410542234,-1.012387429756315,0.2314356808857452,0.7782316548843357,0.06844784878306641,-0.4363161477701115,-0.24319847790232568,-0.42001307209625227,1.1391961013557894,-0.13417648132429133
Solomon Islands,3.1271094746975097,-1.8357957672193579,-0.03841677764491681,-1.208292268134805,0.19846509437908777,-0.44923065180621785,-0.906792200369522,0.8169572256502498,-0.5477236300552059,0.2217059789279882,-0.3469852825991127
Somalia,3.372487373595555,-0.2902221071662839,-1.5188618676836805,-1.4848330670395629,-0.3421080479833238,-0.3421988226573565,0.16290858824264773,-0.26411243426055664,1.2526516243932357,-0.2442947151758801,1.2159071313429104
South Africa,-1.221806181466326,2.9171371956173653,-0.048857804270329847,-1.2000659066478714,-0.49899496476540417,-0.7402030911109253,0.44959684008757606,1.9368463272137288,0.638645284424739,-0.9084319064496483,-0.23547303592428598
South Sudan,2.480502484815433,-0.11046276432556763,0.5369842372341845,-1.8942974684173015,-0.07773726053862527,0.9357086355777356,-0.17266504004940747,-1.0818395191639478,-0.019618786743234865,-0.09372480595560273,1.1098578031122448
Spain,-4.658450908562684,1.048013640805102,-2.443430089422684,0.2353217692164981,0.6945627349276611,-0.7930714522822822,-1.006711669583668,-0.646898893532457,-0.2779669749703053,-0.20379815919421682,-0.8618349482197
Sri Lanka,0.8485369073516871,0.4673170157106263,0.6099923346328106,0.33106658844996795,-1.4442158003476837,-0.2153884324663952,-1.026759561525578,-0.5310026003807112,-1.2688506246489133,-0.3565249170669408,0.3914695681564883
Saint Kitts and Nevis,-0.8604311687612124,-1.7504948735696773,2.4303593606947334,0.5553621032644287,-1.0573924821757021,0.8311918264079023,-0.022863413502404634,-0.7561688597864212,-1.5161239780917997,0.029406847662834613,-1.1122288060631176
Saint Lucia,0.08654163892246151,-1.9323134521571765,0.9584944380108326,-0.5633501793738287,-0.4210704907172035,1.0983760922967396,-0.32987001095194535,0.4593901331647214,-1.0522704048399143,-0.24145265172590702,-0.7189014640911545
Saint Vincent and the Grenadines,0.003234845167834999,-1.8405954148596442,1.8708190069777435,-0.14388905227672577,-1.2841196974151392,0.14591722661185105,-0.3128111331620464,-0.11439336109340734,-0.7864878890406101,-0.3834273456624983,-0.11397375992942867
Sudan,2.154719320838089,0.4737698273832648,-0.10894989811891968,-1.3788251684130088,-0.24163466061605426,-0.2630249528535111,-0.12772070215008874,0.07459947421269136,0.017005250818485525,-0.11866810692269826,0.3520575448864304
Suriname,0.859285213187475,-0.9996640173997962,1.5285027130526465,1.3408030388026886,1.9843491948747833,-1.241214530368315,-1.0823200923563434,0.4340201324626781,-0.04515699875351692,-0.6401698948949327,-1.1325197653358192
Eswatini,2.5321441280145445,-1.3453073436817087,0.20960618215824006,-0.4171697957650629,-0.5041554600438133,-1.2029086460800809,-0.9633329053313616,0.8148068869885874,0.10958484430052612,-0.7314852832820169,0.06984614180784426
Sweden,-4.760112242933146,-1.4874177827749444,-2.1669185980760437,0.06592811672591115,0.172572655174154,-0.6167989585175625,0.28028995977101684,-0.9180134598535713,0.42350689726154994,-0.1812007414114985,0.1984941435942855
Switzerland,-4.73356347772408,-1.6329921491092851,-1.6037886019693235,-0.7143427696877943,0.6850860131296196,-0.2451493111615978,0.09827728247087923,0.1735977870245972,0.7187313479323755,-0.3119278205350092,-0.03210110220263166
Syria,0.623255066728085,1.0738033405226044,0.7271308191804675,-1.1915847742363563,-0.6095642979576413,-0.5956970461088078,-0.02397479023837908,-0.09404878944475542,0.22057683595738642,0.9976062705190635,0.41278849874840096
Tajikistan,3.10502583078508,-0.37376008730658755,0.015567329712918954,1.0762543675165799,-1.106873924290345,-0.5444979990632492,0.22386700469889467,-0.46695153538370554,-0.9574303034183484,-0.7957730573468387,-0.29943270443396836
Tanzania,3.2339046005426413,0.6529721452381505,-1.230588781163613,-2.084201336790823,0.7166740582081288,1.6919970404492606,0.6649782368987806,-0.8458222133341426,-0.4030433903458908,-0.16700408902710717,-0.20341667172470856
Thailand,-1.494543521722527,3.6243603182589457,0.8086802087714261,-1.8455324553278991,-0.6572033155738618,0.12348302153828858,-0.871857198484911,0.4222339751874188,-0.6751364416261868,-0.46872113793045167,-0.568207182034852
Timor-Leste,4.376151076121835,-0.5565244582564965,0.07030081019252955,0.434556508567916,2.059875272532207,0.0989747972393418,-1.4229911434704814,0.017209164610556854,1.029669207684272,0.1778798975443075,-1.7711821211493408
Togo,3.477651430122974,-0.7228273484274356,-0.47614287390154164,-0.020384892634681982,-0.3752471602317394,-1.0848456203454673,-0.7223026489199618,0.11043989132002646,0.726073987251358,-0.3396922369158606,-0.2610276001565307
Tonga,1.8915024908569305,-2.135049647406516,0.7677200339277058,-0.700658253396785,-0.7540156315687879,-0.36414166564409045,-1.1962779633638727,0.6844549788735627,-0.7374340248466906,0.7155425545762102,-0.05737474045655125
Trinidad and Tobago,-0.6924686611431248,0.155786628484409,2.4085943972422736,-0.45553420909423514,-0.3416433437262949,-0.16812288626493402,-0.2472983002448664,0.5095074884854536,-0.8545237952754159,0.032746679921437545,-0.8544999238482085
Tunisia,-0.8637208701963945,0.027325393355963006,0.8898375813117768,0.20296985769197595,-1.1454679509842824,0.31338188451625737,0.7532097575683124,-0.21198136465889494,-0.3852503145583817,-0.22098835784893406,0.2827655666643811
Turkey,-1.9818003842520333,3.406815438087307,-0.574856631176178,-1.7794873993493898,-0.3364332776686554,-0.11421476308860828,0.8579068399919938,0.371132867062962,-0.687141057776934,0.2795037535101101,-0.07445309526350768
Turkmenistan,1.5276347919876623,0.6746033023915745,1.336114474094858,-1.00416335858535,-0.9284367518392196,-0.7773264532466748,-0.003858376918437962,-0.061329073189968955,0.29267556799258987,-0.17700926561475921,0.6977266029150644
Uganda,3.6143656697230293,0.018788453646123436,-1.7902795638914508,-1.6224361565479015,1.2172875255936546,1.939733802150274,0.9100817046991142,0.24818715878107042,-0.38905903651051,0.19798735943391713,-0.30455214697649935
Ukraine,-1.8762188360870433,2.590944561758857,-0.6240462690662837,3.152745433892418,-0.5680665757950463,2.2245640417082324,-1.9181457914342728,0.33178649225724394,0.37934521785153397,-0.5449857937461143,0.893666478118357
United Arab Emirates,-2.932536401596346,0.6075721413515031,2.1994155987389488,-2.385980910924444,0.7549605448408668,-1.3066672606247702,1.4297433604086114,-0.6788462821629595,-0.1890703063557335,0.2829299424538843,0.17566117014546231
United Kingdom,-5.38892175711165,0.12214823743429316,-2.9338135675535524,-0.895738272335415,0.46330090460791246,0.30870104267665593,-1.1347913741800821,-0.6307570983644606,-0.16686053017844,-1.0644432753524222,0.06583775476698368
United States,-4.783095773198147,0.40301724919945,-4.705670623604198,-0.12229159974908092,-0.28660117736388135,0.46069562840854633,-0.6515887488826165,1.893916312977597,0.9233007685354421,-1.3069621852702982,-0.5501533529180614
Uruguay,-1.6058805117513621,-0.38383813501505265,0.5617570365304286,2.692207170482451,0.7079070156378097,0.14249703256924406,1.2843400954703446,1.106594526982739,-0.3691600463318063,-0.5650909950862627,0.5575731558138579
Uzbekistan,1.0142078710008067,0.274358869877975,-0.8514720384066427,0.8705242071004113,-2.6498960933654505,-0.3635355085318896,-0.47481524301178935,-0.7588016432739614,-1.1807213740532367,-1.073218677002612,-0.08007726572459978
Vanuatu,2.150478258726602,-1.675749689586948,1.2463841008986027,-1.8988262377734115,0.19242699899792007,-0.08534113264273384,-1.633103900037318,0.20369957589332344,-0.14378968988246263,0.2722711122842158,-0.03874269178271029
Venezuela,-0.45804604568121426,3.6658494232312897,0.8447055475128834,2.6850492227817053,1.5877208080339973,-1.6683697015681813,-0.3761139059639088,-0.1307297050610365,0.9184196353122289,1.2155788538912766,-0.7491410372854952
Vietnam,-0.5281340733201986,4.126521856372845,1.4033857368456053,0.8041765119353519,-0.7219143927833986,1.2807855886963362,-1.2961548692485474,1.1670443074271015,0.4930239100375145,1.1969977559516543,-0.3524762405509339
United States Virgin Islands,-0.9731515746418445,-0.8311853986024907,0.40284968638876395,0.39628865968671956,-0.15691322682278885,-0.3968021113814591,0.09835344550118731,0.009122210747043618,0.5619097898961881,-0.013717499154917162,0.7822163219444105
Yemen,2.4227350358122197,0.6600385059673085,-0.2164762078732803,-0.18792647415166536,-0.7462255617303699,-0.8294243385737857,0.17675055405077644,-0.10979502650541395,-0.5179009196349598,-0.241929354661325,0.77226407815792
Zambia,3.7270538460938893,-0.4827384138191179,-0.8587538767911743,-1.4769231820294184,2.0985496312451395,1.747480956336067,1.3089782879761835,0.15679440747035872,-0.1574379823552713,-0.052174238805408286,0.5832671315855342
Zimbabwe,3.8632214031462166,0.24787663597583542,-0.9328074255469211,1.2154183075965521,3.815584937003901,0.9679239829515328,1.0939364518116186,-0.08609299266818311,-2.0267775281607503,-0.5947392400555525,0.40808946031816257
